Oct,Nov,Dec,Jan,Feb,Mar,Apr,May,Combined
100,108,105,102,110,112,106,113,114
100,108,105,102,110,112,106,113,114
100,108,105,102,110,112,106,113,114
100,108,105,102,110,112,106,113,114
100,108,105,102,110,112,106,113,114
100,108,105,102,110,112,106,113,114
100,108,105,102,110,112,106,113,114
100,108,105,102,110,112,106,113,114
100,108,105,102,110,112,106,113,114
100,108,105,102,110,112,106,113,114
100,108,105,102,110,112,106,113,114
100,108,105,102,110,112,106,113,114
100,108,105,102,110,112,106,113,114
100,108,105,102,110,112,106,113,114
100,108,105,102,110,112,106,113,114
100,108,105,102,110,112,106,113,114
100,108,105,102,110,112,106,113,114
100,108,105,102,110,112,106,113,114
100,108,105,102,110,112,106,113,114
100,108,105,102,110,112,106,113,114
100,108,105,102,110,112,106,113,114
100,108,105,102,110,112,106,113,114
100,108,105,102,110,112,106,113,114
100,108,105,102,110,112,106,113,114
100,108,105,102,110,112,106,113,114
100,108,105,102,110,112,106,113,114
100,108,105,102,110,112,106,113,114
100,108,105,102,110,112,106,113,114
100,108,105,102,110,112,106,113,114
100,108,105,102,110,112,106,113,114
100,108,105,102,110,112,106,113,114
100,108,105,102,110,112,106,113,114
100,108,105,102,110,112,106,113,114
100,108,105,102,110,112,106,113,114
100,108,105,102,110,112,106,113,114
100,108,105,102,110,112,106,113,114
100,108,105,102,110,112,106,113,114
100,108,105,102,110,112,106,113,114
100,108,105,102,110,112,106,113,114
100,108,105,102,110,112,106,113,114
100,108,105,102,110,112,106,113,114
100,108,105,102,110,112,106,113,114
100,108,105,102,110,112,106,113,114
100,108,105,102,110,112,106,113,114
100,108,105,102,110,112,106,113,114
100,108,105,102,110,112,106,113,114
100,108,105,102,110,112,106,113,114
100,108,105,102,110,112,106,113,114
100,108,105,102,110,112,106,113,114
100,108,105,102,110,112,106,113,114
100,108,105,102,110,112,106,113,114
100,108,105,102,110,112,106,113,114
100,108,105,102,110,112,106,113,114
100,108,105,102,110,112,106,113,114
100,108,105,102,110,112,106,113,114
100,108,105,102,110,112,106,113,114
100,108,105,102,110,112,106,113,114
100,108,105,102,110,112,106,113,114
100,108,105,102,110,112,106,113,114
100,108,105,102,110,112,106,113,114
100,108,105,102,110,112,106,113,114
100,108,105,102,110,112,106,113,114
100,108,105,102,110,112,106,113,114
100,108,105,102,110,112,106,113,114
100,108,105,102,110,112,106,113,114
100,108,105,102,110,112,106,113,114
100,108,105,102,110,112,106,113,114
100,108,105,102,110,112,106,113,114
100,108,105,102,110,112,106,113,114
100,108,105,102,110,112,106,113,114
100,108,105,102,110,112,106,113,114
100,108,105,102,110,112,106,113,114
100,108,105,102,110,112,106,113,114
100,108,105,102,110,112,106,113,114
100,108,105,102,110,112,106,113,114
100,108,105,102,110,112,106,113,114
100,108,105,102,110,112,106,113,114
100,108,105,102,110,112,106,113,114
100,108,105,102,110,112,106,113,114
100,108,105,102,110,112,106,113,114
100,108,105,102,110,112,106,113,114
100,108,105,102,110,112,106,113,114
100,108,105,102,110,112,106,113,114
100,108,105,102,110,112,106,113,114
100,108,105,102,110,112,106,113,114
100,108,105,102,110,112,106,113,114
100,108,105,102,110,112,106,113,114
100,108,105,102,110,112,106,113,114
100,108,105,102,110,112,106,113,114
100,108,105,102,110,112,106,113,114
100,108,105,102,110,112,106,113,114
100,108,105,102,110,112,106,113,114
100,108,105,102,110,112,106,113,114
100,108,105,102,110,112,106,113,114
100,108,105,102,110,112,106,113,114
100,108,105,102,110,112,106,113,114
100,108,105,102,110,112,106,113,114
100,108,105,102,110,112,106,113,114
100,108,105,102,110,112,106,113,114
100,108,105,102,110,112,106,113,114
100,108,105,102,110,112,106,113,114
100,108,105,102,110,112,106,113,114
100,108,105,102,110,112,106,113,114
100,108,105,102,110,112,106,113,114
100,108,105,102,110,112,106,113,114
100,108,105,102,110,112,106,113,114
100,108,105,102,110,112,106,113,114
100,108,105,102,110,112,106,113,114
100,108,105,102,110,112,106,113,114
100,108,105,102,110,112,106,113,114
100,108,105,102,110,112,106,113,114
100,108,105,102,110,112,106,113,114
100,108,105,102,110,112,106,113,114
100,108,105,102,110,112,106,113,114
100,108,105,102,110,112,106,113,114
100,108,105,102,110,112,106,113,114
100,108,105,102,110,112,106,113,114
100,108,105,102,110,112,106,113,114
100,108,105,102,110,112,106,113,114
100,108,105,102,110,112,106,113,114
100,108,105,102,110,112,106,113,114
100,108,105,102,110,112,106,113,114
100,108,105,102,110,112,106,113,114
100,108,105,102,110,112,106,113,114
100,108,105,102,110,112,106,113,114
100,108,105,102,110,112,106,113,114
100,108,105,102,110,112,106,113,114
100,108,105,102,110,112,106,113,114
100,108,105,102,110,112,106,113,114
100,108,105,102,110,112,106,113,114
100,108,105,102,110,112,106,113,114
100,108,105,102,110,112,106,113,114
100,108,105,102,110,112,106,113,114
100,108,105,102,110,112,106,113,114
100,108,105,102,110,112,106,113,114
100,108,105,102,110,112,106,113,114
100,108,105,102,110,112,106,113,114
100,108,105,102,110,112,106,113,114
100,108,105,102,110,112,106,113,114
100,108,105,102,110,112,106,113,114
100,108,105,102,110,112,106,113,114
100,108,105,102,110,112,106,113,114
100,108,105,102,110,112,106,113,114
100,108,105,102,110,112,106,113,114
100,108,105,102,110,112,106,113,114
100,108,105,102,110,112,106,113,114
100,108,105,102,110,112,106,113,114
100,108,105,102,110,112,106,113,114
100,108,105,102,110,112,106,113,114
100,108,105,102,110,112,106,113,114
100,108,105,102,110,112,106,113,114
100,108,105,102,110,112,106,113,114
100,108,105,102,110,112,106,113,114
100,108,105,102,110,112,106,113,114
100,108,105,102,110,112,106,113,114
100,108,105,102,110,112,106,113,114
100,108,105,102,110,112,106,113,114
100,108,105,102,110,112,106,113,114
100,108,105,102,110,112,106,113,114
100,108,105,102,110,112,106,113,114
100,108,105,102,110,112,106,113,114
100,108,105,102,110,112,106,113,114
100,108,105,102,110,112,106,113,114
100,108,105,102,110,112,106,113,114
100,108,105,102,110,112,106,113,114
100,108,105,102,110,112,106,113,114
100,108,105,102,110,112,106,113,114
100,108,105,102,110,112,106,113,114
100,108,105,102,110,112,106,113,114
100,108,105,102,110,112,106,113,114
100,108,105,102,110,112,106,113,114
100,108,105,102,110,112,106,113,114
100,108,105,102,110,112,106,113,114
100,108,105,102,110,112,106,113,114
100,108,105,102,110,112,106,113,114
100,108,105,102,110,112,106,113,114
100,108,105,102,110,112,106,113,114
100,108,105,102,110,112,106,113,114
100,108,105,102,110,112,106,113,114
100,108,105,102,110,112,106,113,114
100,108,105,102,110,112,106,113,114
100,108,105,102,110,112,106,113,114
100,108,105,102,110,112,106,113,114
100,108,105,102,110,112,106,113,114
100,108,105,102,110,112,106,113,114
100,108,105,102,110,112,106,113,114
100,108,105,102,110,112,106,113,114
100,108,105,102,110,112,106,113,114
100,108,105,102,110,112,106,113,114
100,108,105,102,110,112,106,113,114
100,108,105,102,110,112,106,113,114
100,108,105,102,110,112,106,113,114
100,108,105,102,110,112,106,113,114
100,108,105,102,110,112,106,113,114
100,108,105,102,110,112,106,113,114
100,108,105,102,110,112,106,113,114
100,108,105,102,110,112,106,113,114
100,108,105,102,110,112,106,113,114
100,108,105,102,110,112,106,113,114
100,108,105,102,110,112,106,113,114
100,108,105,102,110,112,106,113,114
100,108,105,102,110,112,106,113,114
100,108,105,102,110,112,106,113,114
100,108,105,102,110,112,106,113,114
100,108,105,102,110,112,106,113,114
100,108,105,102,110,112,106,113,114
100,108,105,102,110,112,106,113,114
100,108,105,102,110,112,106,113,114
100,108,105,102,110,112,106,113,114
100,108,105,102,110,112,106,113,114
100,108,105,102,110,112,106,113,114
100,108,105,102,110,112,106,113,114
100,108,105,102,110,112,106,113,114
100,108,105,102,110,112,106,113,114
100,108,105,102,110,112,106,113,114
100,108,105,102,110,112,106,113,114
100,108,105,102,110,112,106,113,114
100,108,105,102,110,112,106,113,114
100,108,105,102,110,112,106,113,114
100,108,105,102,110,112,106,113,114
100,108,105,102,110,112,106,113,114
100,108,105,102,110,112,106,113,114
100,108,105,102,110,112,106,113,114
100,108,105,102,110,112,106,113,114
100,108,105,102,110,112,106,113,114
100,108,105,102,110,112,106,113,114
100,108,105,102,110,112,106,113,114
100,108,105,102,110,112,106,113,114
100,108,105,102,110,112,106,113,114
100,108,105,102,110,112,106,113,114
100,108,105,102,110,112,106,113,114
100,108,105,102,110,112,106,113,114
100,108,105,102,110,112,106,113,114
100,108,105,102,110,112,106,113,114
100,108,105,102,110,112,106,113,114
100,108,105,102,110,112,106,113,114
100,108,105,102,110,112,106,113,114
100,108,105,102,110,112,106,113,114
100,108,105,102,110,112,106,113,114
100,108,105,102,110,112,106,113,114
100,108,105,102,110,112,106,113,114
100,108,105,102,110,112,106,113,114
100,108,105,102,110,112,106,113,114
100,108,105,102,110,112,106,113,114
100,108,105,102,110,112,106,113,114
100,108,105,102,110,112,106,113,114
100,108,105,102,110,112,106,113,114
100,108,105,102,110,112,106,113,114
100,108,105,102,110,112,106,113,114
100,108,105,102,110,112,106,113,114
100,108,105,102,110,112,106,113,114
100,108,105,102,110,112,106,113,114
100,108,105,102,110,112,106,113,114
100,108,105,102,110,112,106,113,114
100,108,105,102,110,112,106,113,114
100,108,105,102,110,112,106,113,114
100,108,105,102,110,112,106,113,114
100,108,105,102,110,112,106,113,114
100,108,105,102,110,112,106,113,114
100,108,105,102,110,112,106,113,114
100,108,105,102,110,112,106,113,114
100,108,105,102,110,112,106,113,114
100,108,105,102,110,112,106,113,114
100,108,105,102,110,112,106,113,114
100,108,105,102,110,112,106,113,114
100,108,105,102,110,112,106,113,114
100,108,105,102,110,112,106,113,114
100,108,105,102,110,112,106,113,114
100,108,105,102,110,112,106,113,114
100,108,105,102,110,112,106,113,114
100,108,105,102,110,112,106,113,114
100,108,105,102,110,112,106,113,114
100,108,105,102,110,112,106,113,114
100,108,105,102,110,112,106,113,114
100,108,105,102,110,112,106,113,114
100,108,105,102,110,112,106,113,114
100,108,105,102,110,112,106,113,114
100,108,105,102,110,112,106,113,114
100,108,105,102,110,112,106,113,114
100,108,105,102,110,112,106,113,114
100,108,105,102,110,112,106,113,114
100,108,105,102,110,112,106,113,114
100,108,105,102,110,112,106,113,114
100,108,105,102,110,112,106,113,114
100,108,105,102,110,112,106,113,114
100,108,105,102,110,112,106,113,114
100,108,105,102,110,112,106,113,114
100,108,105,102,110,112,106,113,114
100,108,105,102,110,112,106,113,114
100,108,105,102,110,112,106,113,114
100,108,105,102,110,112,106,113,114
100,108,105,102,110,112,106,113,114
100,108,105,102,110,112,106,113,114
100,108,105,102,110,112,106,113,114
100,108,105,102,110,112,106,113,114
100,108,105,102,110,112,106,113,114
100,108,105,102,110,112,106,113,114
100,108,105,102,110,112,106,113,114
100,108,105,102,110,112,106,113,114
100,108,105,102,110,112,106,113,114
100,108,105,102,110,112,106,113,114
100,108,105,102,110,112,106,113,114
100,108,105,102,110,112,106,113,114
100,108,105,102,110,112,106,113,114
100,108,105,102,110,112,106,113,114
100,108,105,102,110,112,106,113,114
100,108,105,102,110,112,106,113,114
100,108,105,102,110,112,106,113,114
100,108,105,102,110,112,106,113,114
100,108,105,102,110,112,106,113,114
100,108,105,102,110,112,106,113,114
100,108,105,102,110,112,106,113,114
100,108,105,102,110,112,106,113,114
100,108,105,102,110,112,106,113,114
100,108,105,102,110,112,106,113,114
100,108,105,102,110,112,106,113,114
100,108,105,102,110,112,106,113,114
100,108,105,102,110,112,106,113,114
100,108,105,102,110,112,106,113,114
100,108,105,102,110,112,106,113,114
100,108,105,102,110,112,106,113,114
100,108,105,102,110,112,106,113,114
100,108,105,102,110,112,106,113,114
100,108,105,102,110,112,106,113,114
100,108,105,102,110,112,106,113,114
100,108,105,102,110,112,106,113,114
100,108,105,102,110,112,106,113,114
100,108,105,102,110,112,106,113,114
100,108,105,102,110,112,106,113,114
100,108,105,102,110,112,106,113,114
100,108,105,102,110,112,106,113,114
100,108,105,102,110,112,106,113,114
100,108,105,102,110,112,106,113,114
100,108,105,102,110,112,106,113,114
100,108,105,102,110,112,106,113,114
100,108,105,102,110,112,106,113,114
100,108,105,102,110,112,106,113,114
100,108,105,102,110,112,106,113,114
100,108,105,102,110,112,106,113,114
100,108,105,102,110,112,106,113,114
100,108,105,102,110,112,106,113,114
100,108,105,102,110,112,106,113,114
100,108,105,102,110,112,106,113,114
100,108,105,102,110,112,106,113,114
100,108,105,102,110,112,106,113,114
100,108,105,102,110,112,106,113,114
100,108,105,102,110,112,106,113,114
100,108,105,102,110,112,106,113,114
100,108,105,102,110,112,106,113,114
100,108,105,102,110,112,106,113,114
100,108,105,102,110,112,106,113,114
100,108,105,102,110,112,106,113,114
100,108,105,102,110,112,106,113,114
100,108,105,102,110,112,106,113,114
100,108,105,102,110,112,106,113,114
100,108,105,102,110,112,106,113,114
100,108,105,102,110,112,106,113,114
100,108,105,102,110,112,106,113,114
100,108,105,102,110,112,106,113,114
100,108,105,102,110,112,106,113,114
100,108,105,102,110,112,106,113,114
100,108,105,102,110,112,106,113,114
100,108,105,102,110,112,106,113,114
100,108,105,102,110,112,106,113,114
100,108,105,102,110,112,106,113,114
100,108,105,102,110,112,106,113,114
100,108,105,102,110,112,106,113,114
100,108,105,102,110,112,106,113,114
100,108,105,102,110,112,106,113,114
100,108,105,102,110,112,106,113,114
100,108,105,102,110,112,106,113,114
100,108,105,102,110,112,106,113,114
100,108,105,102,110,112,106,113,114
100,108,105,102,110,112,106,113,114
100,108,105,102,110,112,106,113,114
100,108,105,102,110,112,106,113,114
100,108,105,102,110,112,106,113,114
100,108,105,102,110,112,106,113,114
100,108,105,102,110,112,106,113,114
100,108,105,102,110,112,106,113,114
100,108,105,102,110,112,106,113,114
100,108,105,102,110,112,106,113,114
100,108,105,102,110,112,106,113,114
100,108,105,102,110,112,106,113,114
100,108,105,102,110,112,106,113,114
100,108,105,102,110,112,106,113,114
100,108,105,102,110,112,106,113,114
100,108,105,102,110,112,106,113,114
100,108,105,102,110,112,106,113,114
100,108,105,102,110,112,106,113,114
100,108,105,102,110,112,106,113,114
100,108,105,102,110,112,106,113,114
100,108,105,102,110,112,106,113,114
100,108,105,102,110,112,106,113,114
100,108,105,102,110,112,106,113,114
100,108,105,102,110,112,106,113,114
100,108,105,102,110,112,106,113,114
100,108,105,102,110,112,106,113,114
100,108,105,102,110,112,106,113,114
100,108,105,102,110,112,106,113,114
100,108,105,102,110,112,106,113,114
100,108,105,102,110,112,106,113,114
100,108,105,102,110,112,106,113,114
100,108,105,102,110,112,106,113,114
100,108,105,102,110,112,106,113,114
100,108,105,102,110,112,106,113,114
100,108,105,102,110,112,106,113,114
100,108,105,102,110,112,106,113,114
100,108,105,102,110,112,106,113,114
100,108,105,102,110,112,106,113,114
100,108,105,102,110,112,106,113,114
100,108,105,102,110,112,106,113,114
100,108,105,102,110,112,106,113,114
100,108,105,102,110,112,106,113,114
100,108,105,102,110,112,106,113,114
100,108,105,102,110,112,106,113,114
100,108,105,102,110,112,106,113,114
100,108,105,102,110,112,106,113,114
100,108,105,102,110,112,106,113,114
100,108,105,102,110,112,106,113,114
100,108,105,102,110,112,106,113,114
100,108,105,102,110,112,106,113,114
100,108,105,102,110,112,106,113,114
100,108,105,102,110,112,106,113,114
100,108,105,102,110,112,106,113,114
100,108,105,102,110,112,106,113,114
100,108,105,102,110,112,106,113,114
100,108,105,102,110,112,106,113,114
100,108,105,102,110,112,106,113,114
100,108,105,102,110,112,106,113,114
100,108,105,102,110,112,106,113,114
100,108,105,102,110,112,106,113,114
100,108,105,102,110,112,106,113,114
100,108,105,102,110,112,106,113,114
100,108,105,102,110,112,106,113,114
100,108,105,102,110,112,106,113,114
100,108,105,102,110,112,106,113,114
100,108,105,102,110,112,106,113,114
100,108,105,102,110,112,106,113,114
100,108,105,102,110,112,106,113,114
100,108,105,102,110,112,106,113,114
100,108,105,102,110,112,106,113,114
100,108,105,102,110,112,106,113,114
100,108,105,102,110,112,106,113,114
100,108,105,102,110,112,106,113,114
100,108,105,102,110,112,106,113,114
100,108,105,102,110,112,106,113,114
100,108,105,102,110,112,106,113,114
100,108,105,102,110,112,106,113,114
100,108,105,102,110,112,106,113,114
100,108,105,102,110,112,106,113,114
100,108,105,102,110,112,106,113,114
100,108,105,102,110,112,106,113,114
100,108,105,102,110,112,106,113,114
100,108,105,102,110,112,106,113,114
100,108,105,102,110,112,106,113,114
100,108,105,102,110,112,106,113,114
100,108,105,102,110,112,106,113,114
100,108,105,102,110,112,106,113,114
100,108,105,102,110,112,106,113,114
100,108,105,102,110,112,106,113,114
100,108,105,102,110,112,106,113,114
100,108,105,102,110,112,106,113,114
100,108,105,102,110,112,106,113,114
100,108,105,102,110,112,106,113,114
100,108,105,102,110,112,106,113,114
100,108,105,102,110,112,106,113,114
100,108,105,102,110,112,106,113,114
100,108,105,102,110,112,106,113,114
100,108,105,102,110,112,106,113,114
100,108,105,102,110,112,106,113,114
100,108,105,102,110,112,106,113,114
100,108,105,102,110,112,106,113,114
100,108,105,102,110,112,106,113,114
100,108,105,102,110,112,106,113,114
100,108,105,102,110,112,106,113,114
100,108,105,102,110,112,106,113,114
100,108,105,102,110,112,106,113,114
100,108,105,102,110,112,106,113,114
100,108,105,102,110,112,106,113,114
100,108,105,102,110,112,106,113,114
100,108,105,102,110,112,106,113,114
100,108,105,102,110,112,106,113,114
100,108,105,102,110,112,106,113,114
100,108,105,102,110,112,106,113,114
100,108,105,102,110,112,106,113,114
100,108,105,102,110,112,106,113,114
100,108,105,102,110,112,106,113,114
100,108,105,102,110,112,106,113,114
100,108,105,102,110,112,106,113,114
100,108,105,102,110,112,106,113,114
100,108,105,102,110,112,106,113,114
100,108,105,102,110,112,106,113,114
100,108,105,102,110,112,106,113,114
100,108,105,102,110,112,106,113,114
100,108,105,102,110,112,106,113,114
100,108,105,102,110,112,106,113,114
100,108,105,102,110,112,106,113,114
100,108,105,102,110,112,106,113,114
100,108,105,102,110,112,106,113,114
100,108,105,102,110,112,106,113,114
100,108,105,102,110,112,106,113,114
100,108,105,102,110,112,106,113,114
100,108,105,102,110,112,106,113,114
100,108,105,102,110,112,106,113,114
100,108,105,102,110,112,106,113,114
100,108,105,102,110,112,106,113,114
100,108,105,102,110,112,106,113,114
100,108,105,102,110,112,106,113,114
100,108,105,102,110,112,106,113,114
100,108,105,102,110,112,106,113,114
100,108,105,102,110,112,106,113,114
100,108,105,102,110,112,106,113,114
100,108,105,102,110,112,106,113,114
100,108,105,102,110,112,106,113,114
100,108,105,102,110,112,106,113,114
100,108,105,102,110,112,106,113,114
100,108,105,102,110,112,106,113,114
100,108,105,102,110,112,106,113,114
100,108,105,102,110,112,106,113,114
100,108,105,102,110,112,106,113,114
100,108,105,102,110,112,106,113,114
100,108,105,102,110,112,106,113,114
100,108,105,102,110,112,106,113,114
100,108,105,102,110,112,106,113,114
100,108,105,102,110,112,106,113,114
100,108,105,102,110,112,106,113,114
100,108,105,102,110,112,106,113,114
100,108,105,102,110,112,106,113,114
100,108,105,102,110,112,106,113,114
100,108,105,102,110,112,106,113,114
100,108,105,102,110,112,106,113,114
100,108,105,102,110,112,106,113,114
100,108,105,102,110,112,106,113,114
100,108,105,102,110,112,106,113,114
100,108,105,102,110,112,106,113,114
100,108,105,102,110,112,106,113,114
100,108,105,102,110,112,106,113,114
100,108,105,102,110,112,106,113,114
100,108,105,102,110,112,106,113,114
100,108,105,102,110,112,106,113,114
100,108,105,102,110,112,106,113,114
100,108,105,102,110,112,106,113,114
100,108,105,102,110,112,106,113,114
100,108,105,102,110,112,106,113,114
100,108,105,102,110,112,106,113,114
100,108,105,102,110,112,106,113,114
100,108,105,102,110,112,106,113,114
100,108,105,102,110,112,106,113,114
100,108,105,102,110,112,106,113,114
100,108,105,102,110,112,106,113,114
100,108,105,102,110,112,106,113,114
100,108,105,102,110,112,106,113,114
100,108,105,102,110,112,106,113,114
100,108,105,102,110,112,106,113,114
100,108,105,102,110,112,106,113,114
100,108,105,102,110,112,106,113,114
100,108,105,102,110,112,106,113,114
100,108,105,102,110,112,106,113,114
100,108,105,102,110,112,106,113,114
100,108,105,102,110,112,106,113,114
100,108,105,102,110,112,106,113,114
100,108,105,102,110,112,106,113,114
100,108,105,102,110,112,106,113,114
100,108,105,102,110,112,106,113,114
100,108,105,102,110,112,106,113,114
100,108,105,102,110,112,106,113,114
100,108,105,102,110,112,106,113,114
100,108,105,102,110,112,106,113,114
100,108,105,102,110,112,106,113,114
100,108,105,102,110,112,106,113,114
100,108,105,102,110,112,106,113,114
100,108,105,102,110,112,106,113,114
100,108,105,102,110,112,106,113,114
100,108,105,102,110,112,106,113,114
100,108,105,102,110,112,106,113,114
100,108,105,102,110,112,106,113,114
100,108,105,102,110,112,106,113,114
100,108,105,102,110,112,106,113,114
100,108,105,102,110,112,106,113,114
100,108,105,102,110,112,106,113,114
100,108,105,102,110,112,106,113,114
100,108,105,102,110,112,106,113,114
100,108,105,102,110,112,106,113,114
100,108,105,102,110,112,106,113,114
100,108,105,102,110,112,106,113,114
100,108,105,102,110,112,106,113,114
100,108,105,102,110,112,106,113,114
100,108,105,102,110,112,106,113,114
100,108,105,102,110,112,106,113,114
100,108,105,102,110,112,106,113,114
100,108,105,102,110,112,106,113,114
100,108,105,102,110,112,106,113,114
100,108,105,102,110,112,106,113,114
100,108,105,102,110,112,106,113,114
100,108,105,102,110,112,106,113,114
100,108,105,102,110,112,106,113,114
100,108,105,102,110,112,106,113,114
100,108,105,102,110,112,106,113,114
100,108,105,102,110,112,106,113,114
100,108,105,102,110,112,106,113,114
100,108,105,102,110,112,106,113,114
100,108,105,102,110,112,106,113,114
100,108,105,102,110,112,106,113,114
100,108,105,102,110,112,106,113,114
100,108,105,102,110,112,106,113,114
100,108,105,102,110,112,106,113,114
100,108,105,102,110,112,106,113,114
100,108,105,102,110,112,106,113,114
100,108,105,102,110,112,106,113,114
100,108,105,102,110,112,106,113,114
100,108,105,102,110,112,106,113,114
100,108,105,102,110,112,106,113,114
100,108,105,102,110,112,106,113,114
100,108,105,102,110,112,106,113,114
100,108,105,102,110,112,106,113,114
100,108,105,102,110,112,106,113,114
100,108,105,102,110,112,106,113,114
100,108,105,102,110,112,106,113,114
100,108,105,102,110,112,106,113,114
100,108,105,102,110,112,106,113,114
100,108,105,102,110,112,106,113,114
100,108,105,102,110,112,106,113,114
100,108,105,102,110,112,106,113,114
100,108,105,102,110,112,106,113,114
100,108,105,102,110,112,106,113,114
100,108,105,102,110,112,106,113,114
100,108,105,102,110,112,106,113,114
100,108,105,102,110,112,106,113,114
100,108,105,102,110,112,106,113,114
100,108,105,102,110,112,106,113,114
100,108,105,102,110,112,106,113,114
100,108,105,102,110,112,106,113,114
100,108,105,102,110,112,106,113,114
100,108,105,102,110,112,106,113,114
100,108,105,102,110,112,106,113,114
100,108,105,102,110,112,106,113,114
100,108,105,102,110,112,106,113,114
100,108,105,102,110,112,106,113,114
100,108,105,102,110,112,106,113,114
100,108,105,102,110,112,106,113,114
100,108,105,102,110,112,106,113,114
100,108,105,102,110,112,106,113,114
100,108,105,102,110,112,106,113,114
100,108,105,102,110,112,106,113,114
100,108,105,102,110,112,106,113,114
100,108,105,102,110,112,106,113,114
100,108,105,102,110,112,106,113,114
100,108,105,102,110,112,106,113,114
100,108,105,102,110,112,106,113,114
100,108,105,102,110,112,106,113,114
100,108,105,102,110,112,106,113,114
100,108,105,102,110,112,106,113,114
100,108,105,102,110,112,106,113,114
100,108,105,102,110,112,106,113,114
100,108,105,102,110,112,106,113,114
100,108,105,102,110,112,106,113,114
100,108,105,102,110,112,106,113,114
100,108,105,102,110,112,106,113,114
100,108,105,102,110,112,106,113,114
100,108,105,102,110,112,106,113,114
100,108,105,102,110,112,106,113,114
100,108,105,102,110,112,106,113,114
100,108,105,102,110,112,106,113,114
100,108,105,102,110,112,106,113,114
100,108,105,102,110,112,106,113,114
100,108,105,102,110,112,106,113,114
100,108,105,102,110,112,106,113,114
100,108,105,102,110,112,106,113,114
100,108,105,102,110,112,106,113,114
100,108,105,102,110,112,106,113,114
100,108,105,102,110,112,106,113,114
100,108,105,102,110,112,106,113,114
100,108,105,102,110,112,106,113,114
100,108,105,102,110,112,106,113,114
100,108,105,102,110,112,106,113,114
100,108,105,102,110,112,106,113,114
100,108,105,102,110,112,106,113,114
100,108,105,102,110,112,106,113,114
100,108,105,102,110,112,106,113,114
100,108,105,102,110,112,106,113,114
100,108,105,102,110,112,106,113,114
100,108,105,102,110,112,106,113,114
100,108,105,102,110,112,106,113,114
100,108,105,102,110,112,106,113,114
100,108,105,102,110,112,106,113,114
100,108,105,102,110,112,106,113,114
100,108,105,102,110,112,106,113,114
100,108,105,102,110,112,106,113,114
100,108,105,102,110,112,106,113,114
100,108,105,102,110,112,106,113,114
100,108,105,102,110,112,106,113,114
100,108,105,102,110,112,106,113,114
100,108,105,102,110,112,106,113,114
100,108,105,102,110,112,106,113,114
100,108,105,102,110,112,106,113,114
100,108,105,102,110,112,106,113,114
100,108,105,102,110,112,106,113,114
100,108,105,102,110,112,106,113,114
100,108,105,102,110,112,106,113,114
100,108,105,102,110,112,106,113,114
100,108,105,102,110,112,106,113,114
100,108,105,102,110,112,106,113,114
100,108,105,102,110,112,106,113,114
100,108,105,102,110,112,106,113,114
100,108,105,102,110,112,106,113,114
100,108,105,102,110,112,106,113,114
100,108,105,102,110,112,106,113,114
100,108,105,102,110,112,106,113,114
100,108,105,102,110,112,106,113,114
100,108,105,102,110,112,106,113,114
100,108,105,102,110,112,106,113,114
100,108,105,102,110,112,106,113,114
100,108,105,102,110,112,106,113,114
100,108,105,102,110,112,106,113,114
100,108,105,102,110,112,106,113,114
100,108,105,102,110,112,106,113,114
100,108,105,102,110,112,106,113,114
100,108,105,102,110,112,106,113,114
100,108,105,102,110,112,106,113,114
100,108,105,102,110,112,106,113,114
100,108,105,102,110,112,106,113,114
100,108,105,102,110,112,106,113,114
100,108,105,102,110,112,106,113,114
100,108,105,102,110,112,106,113,114
100,108,105,102,110,112,106,113,114
100,108,105,102,110,112,106,113,114
100,108,105,102,110,112,106,113,114
100,108,105,102,110,112,106,113,114
100,108,105,102,110,112,106,113,114
100,108,105,102,110,112,106,113,114
100,108,105,102,110,112,106,113,114
100,108,105,102,110,112,106,113,114
100,108,105,102,110,112,106,113,114
100,108,105,102,110,112,106,113,114
100,108,105,102,110,112,106,113,114
100,108,105,102,110,112,106,113,114
100,108,105,102,110,112,106,113,114
100,108,105,102,110,112,106,113,114
100,108,105,102,110,112,106,113,114
100,108,105,102,110,112,106,113,114
100,108,105,102,110,112,106,113,114
100,108,105,102,110,112,106,113,114
100,108,105,102,110,112,106,113,114
100,108,105,102,110,112,106,113,114
100,108,105,102,110,112,106,113,114
100,108,105,102,110,112,106,113,114
100,108,105,102,110,112,106,113,114
100,108,105,102,110,112,106,113,114
100,108,105,102,110,112,106,113,114
100,108,105,102,110,112,106,113,114
100,108,105,102,110,112,106,113,114
100,108,105,102,110,112,106,113,114
100,108,105,102,110,112,106,113,114
100,108,105,102,110,112,106,113,114
100,108,105,102,110,112,106,113,114
100,108,105,102,110,112,106,113,114
100,108,105,102,110,112,106,113,114
100,108,105,102,110,112,106,113,114
100,108,105,102,110,112,106,113,114
100,108,105,102,110,112,106,113,114
100,108,105,102,110,112,106,113,114
100,108,105,102,110,112,106,113,114
100,108,105,102,110,112,106,113,114
100,108,105,102,110,112,106,113,114
100,108,105,102,110,112,106,113,114
100,108,105,102,110,112,106,113,114
100,108,105,102,110,112,106,113,114
100,108,105,102,110,112,106,113,114
100,108,105,102,110,112,106,113,114
100,108,105,102,110,112,106,113,114
100,108,105,102,110,112,106,113,114
100,108,105,102,110,112,106,113,114
100,108,105,102,110,112,106,113,114
100,108,105,102,110,112,106,113,114
100,108,105,102,110,112,106,113,114
100,108,105,102,110,112,106,113,114
100,108,105,102,110,112,106,113,114
100,108,105,102,110,112,106,113,114
100,108,105,102,110,112,106,113,114
100,108,105,102,110,112,106,113,114
100,108,105,102,110,112,106,113,114
100,108,105,102,110,112,106,113,114
100,108,105,102,110,112,106,113,114
100,108,105,102,110,112,106,113,114
100,108,105,102,110,112,106,113,114
100,108,105,102,110,112,106,113,114
100,108,105,102,110,112,106,113,114
100,108,105,102,110,112,106,113,114
100,108,105,102,110,112,106,113,114
100,108,105,102,110,112,106,113,114
100,108,105,102,110,112,106,113,114
100,108,105,102,110,112,106,113,114
100,108,105,102,110,112,106,113,114
100,108,105,102,110,112,106,113,114
100,108,105,102,110,112,106,113,114
100,108,105,102,110,112,106,113,114
100,108,105,102,110,112,106,113,114
100,108,105,102,110,112,106,113,114
100,108,105,102,110,112,106,113,114
100,108,105,102,110,112,106,113,114
100,108,105,102,110,112,106,113,114
100,108,105,102,110,112,106,113,114
100,108,105,102,110,112,106,113,114
100,108,105,102,110,112,106,113,114
100,108,105,102,110,112,106,113,114
100,108,105,102,110,112,106,113,114
100,108,105,102,110,112,106,113,114
100,108,105,102,110,112,106,113,114
100,108,105,102,110,112,106,113,114
100,108,105,102,110,112,106,113,114
100,108,105,102,110,112,106,113,114
100,108,105,102,110,112,106,113,114
100,108,105,102,110,112,106,113,114
100,108,105,102,110,112,106,113,114
100,108,105,102,110,112,106,113,114
100,108,105,102,110,112,106,113,114
100,108,105,102,110,112,106,113,114
100,108,105,102,110,112,106,113,114
100,108,105,102,110,112,106,113,114
100,108,105,102,110,112,106,113,114
100,108,105,102,110,112,106,113,114
100,108,105,102,110,112,106,113,114
100,108,105,102,110,112,106,113,114
100,108,105,102,110,112,106,113,114
100,108,105,102,110,112,106,113,114
100,108,105,102,110,112,106,113,114
100,108,105,102,110,112,106,113,114
100,108,105,102,110,112,106,113,114
100,108,105,102,110,112,106,113,114
100,108,105,102,110,112,106,113,114
100,108,105,102,110,112,106,113,114
100,108,105,102,110,112,106,113,114
100,108,105,102,110,112,106,113,114
100,108,105,102,110,112,106,113,114
100,108,105,102,110,112,106,113,114
100,108,105,102,110,112,106,113,114
100,108,105,102,110,112,106,113,114
100,108,105,102,110,112,106,113,114
100,108,105,102,110,112,106,113,114
100,108,105,102,110,112,106,113,114
100,108,105,102,110,112,106,113,114
100,108,105,102,110,112,106,113,114
100,108,105,102,110,112,106,113,114
100,108,105,102,110,112,106,113,114
100,108,105,102,110,112,106,113,114
100,108,105,102,110,112,106,113,114
100,108,105,102,110,112,106,113,114
100,108,105,102,110,112,106,113,114
100,108,105,102,110,112,106,113,114
100,108,105,102,110,112,106,113,114
100,108,105,102,110,112,106,113,114
100,108,105,102,110,112,106,113,114
100,108,105,102,110,112,106,113,114
100,108,105,102,110,112,106,113,114
100,108,105,102,110,112,106,113,114
100,108,105,102,110,112,106,113,114
100,108,105,102,110,112,106,113,114
100,108,105,102,110,112,106,113,114
100,108,105,102,110,112,106,113,114
100,108,105,102,110,112,106,113,114
100,108,105,102,110,112,106,113,114
100,108,105,102,110,112,106,113,114
100,108,105,102,110,112,106,113,114
100,108,105,102,110,112,106,113,114
100,108,105,102,110,112,106,113,114
100,108,105,102,110,112,106,113,114
100,108,105,102,110,112,106,113,114
100,108,105,102,110,112,106,113,114
100,108,105,102,110,112,106,113,114
100,108,105,102,110,112,106,113,114
100,108,105,102,110,112,106,113,114
100,108,105,102,110,112,106,113,114
100,108,105,102,110,112,106,113,114
100,108,105,102,110,112,106,113,114
100,108,105,102,110,112,106,113,114
100,108,105,102,110,112,106,113,114
100,108,105,102,110,112,106,113,114
100,108,105,102,110,112,106,113,114
100,108,105,102,110,112,106,113,114
100,108,105,102,110,112,106,113,114
100,108,105,102,110,112,106,113,114
100,108,105,102,110,112,106,113,114
100,108,105,102,110,112,106,113,114
100,108,105,102,110,112,106,113,114
100,108,105,102,110,112,106,113,114
100,108,105,102,110,112,106,113,114
100,108,105,102,110,112,106,113,114
100,108,105,102,110,112,106,113,114
100,108,105,102,110,112,106,113,114
100,108,105,102,110,112,106,113,114
100,108,105,102,110,112,106,113,114
100,108,105,102,110,112,106,113,114
100,108,105,102,110,112,106,113,114
100,108,105,102,110,112,106,113,114
100,108,105,102,110,112,106,113,114
100,108,105,102,110,112,106,113,114
100,108,105,102,110,112,106,113,114
100,108,105,102,110,112,106,113,114
100,108,105,102,110,112,106,113,114
100,108,105,102,110,112,106,113,114
100,108,105,102,110,112,106,113,114
100,108,105,102,110,112,106,113,114
100,108,105,102,110,112,106,113,114
100,108,105,102,110,112,106,113,114
100,108,105,102,110,112,106,113,114
100,108,105,102,110,112,106,113,114
100,108,105,102,110,112,106,113,114
100,108,105,102,110,112,106,113,114
100,108,105,102,110,112,106,113,114
100,108,105,102,110,112,106,113,114
100,108,105,102,110,112,106,113,114
100,108,105,102,110,112,106,113,114
100,108,105,102,110,112,106,113,114
100,108,105,102,110,112,106,113,114
100,108,105,102,110,112,106,113,114
100,108,105,102,110,112,106,113,114
100,108,105,102,110,112,106,113,114
100,108,105,102,110,112,106,113,114
100,108,105,102,110,112,106,113,114
100,108,105,102,110,112,106,113,114
100,108,105,102,110,112,106,113,114
100,108,105,102,110,112,106,113,114
100,108,105,102,110,112,106,113,114
100,108,105,102,110,112,106,113,114
100,108,105,102,110,112,106,113,114
100,108,105,102,110,112,106,113,114
100,108,105,102,110,112,106,113,114
100,108,105,102,110,112,106,113,114
100,108,105,102,110,112,106,113,114
100,108,105,102,110,112,106,113,114
100,108,105,102,110,112,106,113,114
100,108,105,102,110,112,106,113,114
100,108,105,102,110,112,106,113,114
100,108,105,102,110,112,106,113,114
100,108,105,102,110,112,106,113,114
100,108,105,102,110,112,106,113,114
100,108,105,102,110,112,106,113,114
100,108,105,102,110,112,106,113,114
100,108,105,102,110,112,106,113,114
100,108,105,102,110,112,106,113,114
100,108,105,102,110,112,106,113,114
100,108,105,102,110,112,106,113,114
100,108,105,102,110,112,106,113,114
100,108,105,102,110,112,106,113,114
100,108,105,102,110,112,106,113,114
100,108,105,102,110,112,106,113,114
100,108,105,102,110,112,106,113,114
100,108,105,102,110,112,106,113,114
100,108,105,102,110,112,106,113,114
100,108,105,102,110,112,106,113,114
100,108,105,102,110,112,106,113,114
100,108,105,102,110,112,106,113,114
100,108,105,102,110,112,106,113,114
100,108,105,102,110,112,106,113,114
100,108,105,102,110,112,106,113,114
100,108,105,102,110,112,106,113,114
100,108,105,102,110,112,106,113,114
100,108,105,102,110,112,106,113,114
100,108,105,102,110,112,106,113,114
100,108,105,102,110,112,106,113,114
100,108,105,102,110,112,106,113,114
100,108,105,102,110,112,106,113,114
100,108,105,102,110,112,106,113,114
100,108,105,102,110,112,106,113,114
100,108,105,102,110,112,106,113,114
100,108,105,102,110,112,106,113,114
100,108,105,102,110,112,106,113,114
100,108,105,102,110,112,106,113,114
100,108,105,102,110,112,106,113,114
100,108,105,102,110,112,106,113,114
100,108,105,102,110,112,106,113,114
100,108,105,102,110,112,106,113,114
100,108,105,102,110,112,106,113,114
100,108,105,102,110,112,106,113,114
100,108,105,102,110,112,106,113,114
100,108,105,102,110,112,106,113,114
100,108,105,102,110,112,106,113,114
100,108,105,102,110,112,106,113,114
100,108,105,102,110,112,106,113,114
100,108,105,102,110,112,106,113,114
100,108,105,102,110,112,106,113,114
100,108,105,102,110,112,106,113,114
100,108,105,102,110,112,106,113,114
100,108,105,102,110,112,106,113,114
100,108,105,102,110,112,106,113,114
100,108,105,102,110,112,106,113,114
100,108,105,102,110,112,106,113,114
100,108,105,102,110,112,106,113,114
100,108,105,102,110,112,106,113,114
100,108,105,102,110,112,106,113,114
100,108,105,102,110,112,106,113,114
100,108,105,102,110,112,106,113,114
100,108,105,102,110,112,106,113,114
100,108,105,102,110,112,106,113,114
100,108,105,102,110,112,106,113,114
100,108,105,102,110,112,106,113,114
100,108,105,102,110,112,106,113,114
100,108,105,102,110,112,106,113,114
100,108,105,102,110,112,106,113,114
100,108,105,102,110,112,106,113,114
100,108,105,102,110,112,106,113,114
100,108,105,102,110,112,106,113,114
100,108,105,102,110,112,106,113,114
100,108,105,102,110,112,106,113,114
100,108,105,102,110,112,106,113,114
100,108,105,102,110,112,106,113,114
100,108,105,102,110,112,106,113,114
100,108,105,102,110,112,106,113,114
100,108,105,102,110,112,106,113,114
100,108,105,102,110,112,106,113,114
100,108,105,102,110,112,106,113,114
100,108,105,102,110,112,106,113,114
100,108,105,102,110,112,106,113,114
100,108,105,102,110,112,106,113,114
100,108,105,102,110,112,106,113,114
100,108,105,102,110,112,106,113,114
100,108,105,102,110,112,106,113,114
100,108,105,102,110,112,106,113,114
100,108,105,102,110,112,106,113,114
100,108,105,102,110,112,106,113,114
100,108,105,102,110,112,106,113,114
100,108,105,102,110,112,106,113,114
100,108,105,102,110,112,106,113,114
100,108,105,102,110,112,106,113,114
100,108,105,102,110,112,106,113,114
100,108,105,102,110,112,106,113,114
100,108,105,102,110,112,106,113,114
100,108,105,102,110,112,106,113,114
100,108,105,102,110,112,106,113,114
100,108,105,102,110,112,106,113,114
100,108,105,102,110,112,106,113,114
100,108,105,102,110,112,106,113,114
100,108,105,102,110,112,106,113,114
100,108,105,102,110,112,106,113,114
100,108,105,102,110,112,106,113,114
100,108,105,102,110,112,106,113,114
100,108,105,102,110,112,106,113,114
100,108,105,102,110,112,106,113,114
100,108,105,102,110,112,106,113,114
100,108,105,102,110,112,106,113,114
100,108,105,102,110,112,106,113,114
100,108,105,102,110,112,106,113,114
100,108,105,102,110,112,106,113,114
100,108,105,102,110,112,106,113,114
100,108,105,102,110,112,106,113,114
100,108,105,102,110,112,106,113,114
100,108,105,102,110,112,106,113,114
100,108,105,102,110,112,106,113,114
100,108,105,102,110,112,106,113,114
100,108,105,102,110,112,106,113,114
100,108,105,102,110,112,106,113,114
100,108,105,102,110,112,106,113,114
100,108,105,102,110,112,106,113,114
100,108,105,102,110,112,106,113,114
100,108,105,102,110,112,106,113,114
100,108,105,102,110,112,106,113,114
100,108,105,102,110,112,106,113,114
100,108,105,102,110,112,106,113,114
100,108,105,102,110,112,106,113,114
100,108,105,102,110,112,106,113,114
100,108,105,102,110,112,106,113,114
100,108,105,102,110,112,106,113,114
100,108,105,102,110,112,106,113,114
100,108,105,102,110,112,106,113,114
100,108,105,102,110,112,106,113,114
100,108,105,102,110,112,106,113,114
100,108,105,102,110,112,106,113,114
100,108,105,102,110,112,106,113,114
100,108,105,102,110,112,106,113,114
100,108,105,102,110,112,106,113,114
100,108,105,102,110,112,106,113,114
100,108,105,102,110,112,106,113,114
100,108,105,102,110,112,106,113,114
100,108,105,102,110,112,106,113,114
100,108,105,102,110,112,106,113,114
100,108,105,102,110,112,106,113,114
100,108,105,102,110,112,106,113,114
100,108,105,102,110,112,106,113,114
100,108,105,102,110,112,106,113,114
100,108,105,102,110,112,106,113,114
100,108,105,102,110,112,106,113,114
100,108,105,102,110,112,106,113,114
100,108,105,102,110,112,106,113,114
100,108,105,102,110,112,106,113,114
100,108,105,102,110,112,106,113,114
100,108,105,102,110,112,106,113,114
100,108,105,102,110,112,106,113,114
100,108,105,102,110,112,106,113,114
100,108,105,102,110,112,106,113,114
100,108,105,102,110,112,106,113,114
100,108,105,102,110,112,106,113,114
100,108,105,102,110,112,106,113,114
100,108,105,102,110,112,106,113,114
100,108,105,102,110,112,106,113,114
100,108,105,102,110,112,106,113,114
100,108,105,102,110,112,106,113,114
100,108,105,102,110,112,106,113,114
100,108,105,102,110,112,106,113,114
100,108,105,102,110,112,106,113,114
100,108,105,102,110,112,106,113,114
100,108,105,102,110,112,106,113,114
100,108,105,102,110,112,106,113,114
100,108,105,102,110,112,106,113,114
100,108,105,102,110,112,106,113,114
100,108,105,102,110,112,106,113,114
100,108,105,102,110,112,106,113,114
100,108,105,102,110,112,106,113,114
100,108,105,102,110,112,106,113,114
100,108,105,102,110,112,106,113,114
100,108,105,102,110,112,106,113,114
100,108,105,102,110,112,106,113,114
100,108,105,102,110,112,106,113,114
100,108,105,102,110,112,106,113,114
100,108,105,102,110,112,106,113,114
100,108,105,102,110,112,106,113,114
100,108,105,102,110,112,106,113,114
100,108,105,102,110,112,106,113,114
100,108,105,102,110,112,106,113,114
100,108,105,102,110,112,106,113,114
100,108,105,102,110,112,106,113,114
100,108,105,102,110,112,106,113,114
100,108,105,102,110,112,106,113,114
100,108,105,102,110,112,106,113,114
100,108,105,102,110,112,106,113,114
100,108,105,102,110,112,106,113,114
100,108,105,102,110,112,106,113,114
100,108,105,102,110,112,106,113,114
100,108,105,102,110,112,106,113,114
100,108,105,102,110,112,106,113,114
100,108,105,102,110,112,106,113,114
100,108,105,102,110,112,106,113,114
100,108,105,102,110,112,106,113,114
100,108,105,102,110,112,106,113,114
100,108,105,102,110,112,106,113,114
100,108,105,102,110,112,106,113,114
100,108,105,102,110,112,106,113,114
100,108,105,102,110,112,106,113,114
100,108,105,102,110,112,106,113,114
100,108,105,102,110,112,106,113,114
100,108,105,102,110,112,106,113,114
100,108,105,102,110,112,106,113,114
100,108,105,102,110,112,106,113,114
100,108,105,102,110,112,106,113,114
100,108,105,102,110,112,106,113,114
100,108,105,102,110,112,106,113,114
100,108,105,102,110,112,106,113,114
100,108,105,102,110,112,106,113,114
100,108,105,102,110,112,106,113,114
100,108,105,102,110,112,106,113,114
100,108,105,102,110,112,106,113,114
100,108,105,102,110,112,106,113,114
100,108,105,102,110,112,106,113,114
100,108,105,102,110,112,106,113,114
100,108,105,102,110,112,106,113,114
100,108,105,102,110,112,106,113,114
100,108,105,102,110,112,106,113,114
100,108,105,102,110,112,106,113,114
100,108,105,102,110,112,106,113,114
100,108,105,102,110,112,106,113,114
100,108,105,102,110,112,106,113,114
100,108,105,102,110,112,106,113,114
100,108,105,102,110,112,106,113,114
100,108,105,102,110,112,106,113,114
100,108,105,102,110,112,106,113,114
100,108,105,102,110,112,106,113,114
100,108,105,102,110,112,106,113,114
100,108,105,102,110,112,106,113,114
100,108,105,102,110,112,106,113,114
100,108,105,102,110,112,106,113,114
100,108,105,102,110,112,106,113,114
100,108,105,102,110,112,106,113,114
100,108,105,102,110,112,106,113,114
100,108,105,102,110,112,106,113,114
100,108,105,102,110,112,106,113,114
100,108,105,102,110,112,106,113,114
100,108,105,102,110,112,106,113,114
100,108,105,102,110,112,106,113,114
100,108,105,102,110,112,106,113,114
100,108,105,102,110,112,106,113,114
100,108,105,102,110,112,106,113,114
100,108,105,102,110,112,106,113,114
100,108,105,102,110,112,106,113,114
100,108,105,102,110,112,106,113,114
100,108,105,102,110,112,106,113,114
100,108,105,102,110,112,106,113,114
100,108,105,102,110,112,106,113,114
100,108,105,102,110,112,106,113,114
100,108,105,102,110,112,106,113,114
100,108,105,102,110,112,106,113,114
100,108,105,102,110,112,106,113,114
100,108,105,102,110,112,106,113,114
100,108,105,102,110,112,106,113,114
100,108,105,102,110,112,106,113,114
100,108,105,102,110,112,106,113,114
100,108,105,102,110,112,106,113,114
100,108,105,102,110,112,106,113,114
100,108,105,102,110,112,106,113,114
100,108,105,102,110,112,106,113,114
100,108,105,102,110,112,106,113,114
100,108,105,102,110,112,106,113,114
100,108,105,102,110,112,106,113,114
100,108,105,102,110,112,106,113,114
100,108,105,102,110,112,106,113,114
100,108,105,102,110,112,106,113,114
100,108,105,102,110,112,106,113,114
100,108,105,102,110,112,106,113,114
100,108,105,102,110,112,106,113,114
100,108,105,102,110,112,106,113,114
100,108,105,102,110,112,106,113,114
100,108,105,102,110,112,106,113,114
100,108,105,102,110,112,106,113,114
100,108,105,102,110,112,106,113,114
100,108,105,102,110,112,106,113,114
100,108,105,102,110,112,106,113,114
100,108,105,102,110,112,106,113,114
100,108,105,102,110,112,106,113,114
100,108,105,102,110,112,106,113,114
100,108,105,102,110,112,106,113,114
100,108,105,102,110,112,106,113,114
100,108,105,102,110,112,106,113,114
100,108,105,102,110,112,106,113,114
100,108,105,102,110,112,106,113,114
100,108,105,102,110,112,106,113,114
100,108,105,102,110,112,106,113,114
100,108,105,102,110,112,106,113,114
100,108,105,102,110,112,106,113,114
100,108,105,102,110,112,106,113,114
100,108,105,102,110,112,106,113,114
100,108,105,102,110,112,106,113,114
100,108,105,102,110,112,106,113,114
100,108,105,102,110,112,106,113,114
100,108,105,102,110,112,106,113,114
100,108,105,102,110,112,106,113,114
100,108,105,102,110,112,106,113,114
100,108,105,102,110,112,106,113,114
100,108,105,102,110,112,106,113,114
100,108,105,102,110,112,106,113,114
100,108,105,102,110,112,106,113,114
100,108,105,102,110,112,106,113,114
100,108,105,102,110,112,106,113,114
100,108,105,102,110,112,106,113,114
100,108,105,102,110,112,106,113,114
100,108,105,102,110,112,106,113,114
100,108,105,102,110,112,106,113,114
100,108,105,102,110,112,106,113,114
100,108,105,102,110,112,106,113,114
100,108,105,102,110,112,106,113,114
100,108,105,102,110,112,106,113,114
100,108,105,102,110,112,106,113,114
100,108,105,102,110,112,106,113,114
100,108,105,102,110,112,106,113,114
100,108,105,102,110,112,106,113,114
100,108,105,102,110,112,106,113,114
100,108,105,102,110,112,106,113,114
100,108,105,102,110,112,106,113,114
100,108,105,102,110,112,106,113,114
100,108,105,102,110,112,106,113,114
100,108,105,102,110,112,106,113,114
100,108,105,102,110,112,106,113,114
100,108,105,102,110,112,106,113,114
100,108,105,102,110,112,106,113,114
100,108,105,102,110,112,106,113,114
100,108,105,102,110,112,106,113,114
100,108,105,102,110,112,106,113,114
100,108,105,102,110,112,106,113,114
100,108,105,102,110,112,106,113,114
100,108,105,102,110,112,106,113,114
100,108,105,102,110,112,106,113,114
100,108,105,102,110,112,106,113,114
100,108,105,102,110,112,106,113,114
100,108,105,102,110,112,106,113,114
100,108,105,102,110,112,106,113,114
100,108,105,102,110,112,106,113,114
100,108,105,102,110,112,106,113,114
100,108,105,102,110,112,106,113,114
100,108,105,102,110,112,106,113,114
100,108,105,102,110,112,106,113,114
100,108,105,102,110,112,106,113,114
100,108,105,102,110,112,106,113,114
100,108,105,102,110,112,106,113,114
100,108,105,102,110,112,106,113,114
100,108,105,102,110,112,106,113,114
100,108,105,102,110,112,106,113,114
100,108,105,102,110,112,106,113,114
100,108,105,102,110,112,106,113,114
100,108,105,102,110,112,106,113,114
100,108,105,102,110,112,106,113,114
100,108,105,102,110,112,106,113,114
100,108,105,102,110,112,106,113,114
100,108,105,102,110,112,106,113,114
100,108,105,102,110,112,106,113,114
100,108,105,102,110,112,106,113,114
100,108,105,102,110,112,106,113,114
100,108,105,102,110,112,106,113,114
100,108,105,102,110,112,106,113,114
100,108,105,102,110,112,106,113,114
100,108,105,102,110,112,106,113,114
100,108,105,102,110,112,106,113,114
100,108,105,102,110,112,106,113,114
100,108,105,102,110,112,106,113,114
100,108,105,102,110,112,106,113,114
100,108,105,102,110,112,106,113,114
100,108,105,102,110,112,106,113,114
100,108,105,102,110,112,106,113,114
100,108,105,102,110,112,106,113,114
100,108,105,102,110,112,106,113,114
100,108,105,102,110,112,106,113,114
100,108,105,102,110,112,106,113,114
100,108,105,102,110,112,106,113,114
100,108,105,102,110,112,106,113,114
100,108,105,102,110,112,106,113,114
100,108,105,102,110,112,106,113,114
100,108,105,102,110,112,106,113,114
100,108,105,102,110,112,106,113,114
100,108,105,102,110,112,106,113,114
100,108,105,102,110,112,106,113,114
100,108,105,102,110,112,106,113,114
100,108,105,102,110,112,106,113,114
100,108,105,102,110,112,106,113,114
100,108,105,102,110,112,106,113,114
100,108,105,102,110,112,106,113,114
100,108,105,102,110,112,106,113,114
100,108,105,102,110,112,106,113,114
100,108,105,102,110,112,106,113,114
100,108,105,102,110,112,106,113,114
100,108,105,102,110,112,106,113,114
100,108,105,102,110,112,106,113,114
100,108,105,102,110,112,106,113,114
100,108,105,102,110,112,106,113,114
100,108,105,102,110,112,106,113,114
100,108,105,102,110,112,106,113,114
100,108,105,102,110,112,106,113,114
100,108,105,102,110,112,106,113,114
100,108,105,102,110,112,106,113,114
100,108,105,102,110,112,106,113,114
100,108,105,102,110,112,106,113,114
100,108,105,102,110,112,106,113,114
100,108,105,102,110,112,106,113,114
100,108,105,102,110,112,106,113,114
100,108,105,102,110,112,106,113,114
100,108,105,102,110,112,106,113,114
100,108,105,102,110,112,106,113,114
100,108,105,102,110,112,106,113,114
100,108,105,102,110,112,106,113,114
100,108,105,102,110,112,106,113,114
100,108,105,102,110,112,106,113,114
100,108,105,102,110,112,106,113,114
100,108,105,102,110,112,106,113,114
100,108,105,102,110,112,106,113,114
100,108,105,102,110,112,106,113,114
100,108,105,102,110,112,106,113,114
100,108,105,102,110,112,106,113,114
100,108,105,102,110,112,106,113,114
100,108,105,102,110,112,106,113,114
100,108,105,102,110,112,106,113,114
100,108,105,102,110,112,106,113,114
100,108,105,102,110,112,106,113,114
100,108,105,102,110,112,106,113,114
100,108,105,102,110,112,106,113,114
100,108,105,102,110,112,106,113,114
100,108,105,102,110,112,106,113,114
100,108,105,102,110,112,106,113,114
100,108,105,102,110,112,106,113,114
100,108,105,102,110,112,106,113,114
100,108,105,102,110,112,106,113,114
100,108,105,102,110,112,106,113,114
100,108,105,102,110,112,106,113,114
100,108,105,102,110,112,106,113,114
100,108,105,102,110,112,106,113,114
100,108,105,102,110,112,106,113,114
100,108,105,102,110,112,106,113,114
100,108,105,102,110,112,106,113,114
100,108,105,102,110,112,106,113,114
100,108,105,102,110,112,106,113,114
100,108,105,102,110,112,106,113,114
100,108,105,102,110,112,106,113,114
100,108,105,102,110,112,106,113,114
100,108,105,102,110,112,106,113,114
100,108,105,102,110,112,106,113,114
100,108,105,102,110,112,106,113,114
100,108,105,102,110,112,106,113,114
100,108,105,102,110,112,106,113,114
100,108,105,102,110,112,106,113,114
100,108,105,102,110,112,106,113,114
100,108,105,102,110,112,106,113,114
100,108,105,102,110,112,106,113,114
100,108,105,102,110,112,106,113,114
100,108,105,102,110,112,106,113,114
100,108,105,102,110,112,106,113,114
100,108,105,102,110,112,106,113,114
100,108,105,102,110,112,106,113,114
100,108,105,102,110,112,106,113,114
100,108,105,102,110,112,106,113,114
100,108,105,102,110,112,106,113,114
100,108,105,102,110,112,106,113,114
100,108,105,102,110,112,106,113,114
100,108,105,102,110,112,106,113,114
100,108,105,102,110,112,106,113,114
100,108,105,102,110,112,106,113,114
100,108,105,102,110,112,106,113,114
100,108,105,102,110,112,106,113,114
100,108,105,102,110,112,106,113,114
100,108,105,102,110,112,106,113,114
100,108,105,102,110,112,106,113,114
100,108,105,102,110,112,106,113,114
100,108,105,102,110,112,106,113,114
100,108,105,102,110,112,106,113,114
100,108,105,102,110,112,106,113,114
100,108,105,102,110,112,106,113,114
100,108,105,102,110,112,106,113,114
100,108,105,102,110,112,106,113,114
100,108,105,102,110,112,106,113,114
100,108,105,102,110,112,106,113,114
100,108,105,102,110,112,106,113,114
100,108,105,102,110,112,106,113,114
100,108,105,102,110,112,106,113,114
100,108,105,102,110,112,106,113,114
100,108,105,102,110,112,106,113,114
100,108,105,102,110,112,106,113,114
100,108,105,102,110,112,106,113,114
100,108,105,102,110,112,106,113,114
100,108,105,102,110,112,106,113,114
100,108,105,102,110,112,106,113,114
100,108,105,102,110,112,106,113,114
100,108,105,102,110,112,106,113,114
100,108,105,102,110,112,106,113,114
100,108,105,102,110,112,106,113,114
100,108,105,102,110,112,106,113,114
100,108,105,102,110,112,106,113,114
100,108,105,102,110,112,106,113,114
100,108,105,102,110,112,106,113,114
100,108,105,102,110,112,106,113,114
100,108,105,102,110,112,106,113,114
100,108,105,102,110,112,106,113,114
100,108,105,102,110,112,106,113,114
100,108,105,102,110,112,106,113,114
100,108,105,102,110,112,106,113,114
100,108,105,102,110,112,106,113,114
100,108,105,102,110,112,106,113,114
100,108,105,102,110,112,106,113,114
100,108,105,102,110,112,106,113,114
100,108,105,102,110,112,106,113,114
100,108,105,102,110,112,106,113,114
100,108,105,102,110,112,106,113,114
100,108,105,102,110,112,106,113,114
100,108,105,102,110,112,106,113,114
100,108,105,102,110,112,106,113,114
100,108,105,102,110,112,106,113,114
100,108,105,102,110,112,106,113,114
100,108,105,102,110,112,106,113,114
100,108,105,102,110,112,106,113,114
100,108,105,102,110,112,106,113,114
100,108,105,102,110,112,106,113,114
100,108,105,102,110,112,106,113,114
100,108,105,102,110,112,106,113,114
100,108,105,102,110,112,106,113,114
100,108,105,102,110,112,106,113,114
100,108,105,102,110,112,106,113,114
100,108,105,102,110,112,106,113,114
100,108,105,102,110,112,106,113,114
100,108,105,102,110,112,106,113,114
100,108,105,102,110,112,106,113,114
100,108,105,102,110,112,106,113,114
100,108,105,102,110,112,106,113,114
100,108,105,102,110,112,106,113,114
100,108,105,102,110,112,106,113,114
100,108,105,102,110,112,106,113,114
100,108,105,102,110,112,106,113,114
100,108,105,102,110,112,106,113,114
100,108,105,102,110,112,106,113,114
100,108,105,102,110,112,106,113,114
100,108,105,102,110,112,106,113,114
100,108,105,102,110,112,106,113,114
100,108,105,102,110,112,106,113,114
100,108,105,102,110,112,106,113,114
100,108,105,102,110,112,106,113,114
100,108,105,102,110,112,106,113,114
100,108,105,102,110,112,106,113,114
100,108,105,102,110,112,106,113,114
100,108,105,102,110,112,106,113,114
100,108,105,102,110,112,106,113,114
100,108,105,102,110,112,106,113,114
100,108,105,102,110,112,106,113,114
100,108,105,102,110,112,106,113,114
100,108,105,102,110,112,106,113,114
100,108,105,102,110,112,106,113,114
100,108,105,102,110,112,106,113,114
100,108,105,102,110,112,106,113,114
100,108,105,102,110,112,106,113,114
100,108,105,102,110,112,106,113,114
100,108,105,102,110,112,106,113,114
100,108,105,102,110,112,106,113,114
100,108,105,102,110,112,106,113,114
100,108,105,102,110,112,106,113,114
100,108,105,102,110,112,106,113,114
100,108,105,102,110,112,106,113,114
100,108,105,102,110,112,106,113,114
100,108,105,102,110,112,106,113,114
100,108,105,102,110,112,106,113,114
100,108,105,102,110,112,106,113,114
100,108,105,102,110,112,106,113,114
100,108,105,102,110,112,106,113,114
100,108,105,102,110,112,106,113,114
100,108,105,102,110,112,106,113,114
100,108,105,102,110,112,106,113,114
100,108,105,102,110,112,106,113,114
100,108,105,102,110,112,106,113,114
100,108,105,102,110,112,106,113,114
100,108,105,102,110,112,106,113,114
100,108,105,102,110,112,106,113,114
100,108,105,102,110,112,106,113,114
100,108,105,102,110,112,106,113,114
100,108,105,102,110,112,106,113,114
100,108,105,102,110,112,106,113,114
100,108,105,102,110,112,106,113,114
100,108,105,102,110,112,106,113,114
100,108,105,102,110,112,106,113,114
100,108,105,102,110,112,106,113,114
100,108,105,102,110,112,106,113,114
100,108,105,102,110,112,106,113,114
100,108,105,102,110,112,106,113,114
100,108,105,102,110,112,106,113,114
100,108,105,102,110,112,106,113,114
100,108,105,102,110,112,106,113,114
100,108,105,102,110,112,106,113,114
100,108,105,102,110,112,106,113,114
100,108,105,102,110,112,106,113,114
100,108,105,102,110,112,106,113,114
100,108,105,102,110,112,106,113,114
100,108,105,102,110,112,106,113,114
100,108,105,102,110,112,106,113,114
100,108,105,102,110,112,106,113,114
100,108,105,102,110,112,106,113,114
100,108,105,102,110,112,106,113,114
100,108,105,102,110,112,106,113,114
100,108,105,102,110,112,106,113,114
100,108,105,102,110,112,106,113,114
100,108,105,102,110,112,106,113,114
100,108,105,102,110,112,106,113,114
100,108,105,102,110,112,106,113,114
100,108,105,102,110,112,106,113,114
100,108,105,102,110,112,106,113,114
100,108,105,102,110,112,106,113,114
100,108,105,102,110,112,106,113,114
100,108,105,102,110,112,106,113,114
100,108,105,102,110,112,106,113,114
100,108,105,102,110,112,106,113,114
100,108,105,102,110,112,106,113,114
100,108,105,102,110,112,106,113,114
100,108,105,102,110,112,106,113,114
100,108,105,102,110,112,106,113,114
100,108,105,102,110,112,106,113,114
100,108,105,102,110,112,106,113,114
100,108,105,102,110,112,106,113,114
100,108,105,102,110,112,106,113,114
100,108,105,102,110,112,106,113,114
100,108,105,102,110,112,106,113,114
100,108,105,102,110,112,106,113,114
100,108,105,102,110,112,106,113,114
100,108,105,102,110,112,106,113,114
100,108,105,102,110,112,106,113,114
100,108,105,102,110,112,106,113,114
100,108,105,102,110,112,106,113,114
100,108,105,102,110,112,106,113,114
100,108,105,102,110,112,106,113,114
100,108,105,102,110,112,106,113,114
100,108,105,102,110,112,106,113,114
100,108,105,102,110,112,106,113,114
100,108,105,102,110,112,106,113,114
100,108,105,102,110,112,106,113,114
100,108,105,102,110,112,106,113,114
100,108,105,102,110,112,106,113,114
100,108,105,102,110,112,106,113,114
100,108,105,102,110,112,106,113,114
100,108,105,102,110,112,106,113,114
100,108,105,102,110,112,106,113,114
100,108,105,102,110,112,106,113,114
100,108,105,102,110,112,106,113,114
100,108,105,102,110,112,106,113,114
100,108,105,102,110,112,106,113,114
100,108,105,102,110,112,106,113,114
100,108,105,102,110,112,106,113,114
100,108,105,102,110,112,106,113,114
100,108,105,102,110,112,106,113,114
100,108,105,102,110,112,106,113,114
100,108,105,102,110,112,106,113,114
100,108,105,102,110,112,106,113,114
100,108,105,102,110,112,106,113,114
100,108,105,102,110,112,106,113,114
100,108,105,102,110,112,106,113,114
100,108,105,102,110,112,106,113,114
100,108,105,102,110,112,106,113,114
100,108,105,102,110,112,106,113,114
100,108,105,102,110,112,106,113,114
100,108,105,102,110,112,106,113,114
100,108,105,102,110,112,106,113,114
100,108,105,102,110,112,106,113,114
100,108,105,102,110,112,106,113,114
100,108,105,102,110,112,106,113,114
100,108,105,102,110,112,106,113,114
100,108,105,102,110,112,106,113,114
100,108,105,102,110,112,106,113,114
100,108,105,102,110,112,106,113,114
100,108,105,102,110,112,106,113,114
100,108,105,102,110,112,106,113,114
100,108,105,102,110,112,106,113,114
100,108,105,102,110,112,106,113,114
100,108,105,102,110,112,106,113,114
100,108,105,102,110,112,106,113,114
100,108,105,102,110,112,106,113,114
100,108,105,102,110,112,106,113,114
100,108,105,102,110,112,106,113,114
100,108,105,102,110,112,106,113,114
100,108,105,102,110,112,106,113,114
100,108,105,102,110,112,106,113,114
100,108,105,102,110,112,106,113,114
100,108,105,102,110,112,106,113,114
100,108,105,102,110,112,106,113,114
100,108,105,102,110,112,106,113,114
100,108,105,102,110,112,106,113,114
100,108,105,102,110,112,106,113,114
100,108,105,102,110,112,106,113,114
100,108,105,102,110,112,106,113,114
100,108,105,102,110,112,106,113,114
100,108,105,102,110,112,106,113,114
100,108,105,102,110,112,106,113,114
100,108,105,102,110,112,106,113,114
100,108,105,102,110,112,106,113,114
100,108,105,102,110,112,106,113,114
100,108,105,102,110,112,106,113,114
100,108,105,102,110,112,106,113,114
100,108,105,102,110,112,106,113,114
100,108,105,102,110,112,106,113,114
100,108,105,102,110,112,106,113,114
100,108,105,102,110,112,106,113,114
100,108,105,102,110,112,106,113,114
100,108,105,102,110,112,106,113,114
100,108,105,102,110,112,106,113,114
100,108,105,102,110,112,106,113,114
100,108,105,102,110,112,106,113,114
100,108,105,102,110,112,106,113,114
100,108,105,102,110,112,106,113,114
100,108,105,102,110,112,106,113,114
100,108,105,102,110,112,106,113,114
100,108,105,102,110,112,106,113,114
100,108,105,102,110,112,106,113,114
100,108,105,102,110,112,106,113,114
100,108,105,102,110,112,106,113,114
100,108,105,102,110,112,106,113,114
100,108,105,102,110,112,106,113,114
100,108,105,102,110,112,106,113,114
100,108,105,102,110,112,106,113,114
100,108,105,102,110,112,106,113,114
100,108,105,102,110,112,106,113,114
100,108,105,102,110,112,106,113,114
100,108,105,102,110,112,106,113,114
100,108,105,102,110,112,106,113,114
100,108,105,102,110,112,106,113,114
100,108,105,102,110,112,106,113,114
100,108,105,102,110,112,106,113,114
100,108,105,102,110,112,106,113,114
100,108,105,102,110,112,106,113,114
100,108,105,102,110,112,106,113,114
100,108,105,102,110,112,106,113,114
100,108,105,102,110,112,106,113,114
100,108,105,102,110,112,106,113,114
100,108,105,102,110,112,106,113,114
100,108,105,102,110,112,106,113,114
100,108,105,102,110,112,106,113,114
100,108,105,102,110,112,106,113,114
100,108,105,102,110,112,106,113,114
100,108,105,102,110,112,106,113,114
100,108,105,102,110,112,106,113,114
100,108,105,102,110,112,106,113,114
100,108,105,102,110,112,106,113,114
100,108,105,102,110,112,106,113,114
100,108,105,102,110,112,106,113,114
100,108,105,102,110,112,106,113,114
100,108,105,102,110,112,106,113,114
100,108,105,102,110,112,106,113,114
100,108,105,102,110,112,106,113,114
100,108,105,102,110,112,106,113,114
100,108,105,102,110,112,106,113,114
100,108,105,102,110,112,106,113,114
100,108,105,102,110,112,106,113,114
100,108,105,102,110,112,106,113,114
100,108,105,102,110,112,106,113,114
100,108,105,102,110,112,106,113,114
100,108,105,102,110,112,106,113,114
100,108,105,102,110,112,106,113,114
100,108,105,102,110,112,106,113,114
100,108,105,102,110,112,106,113,114
100,108,105,102,110,112,106,113,114
100,108,105,102,110,112,106,113,114
100,108,105,102,110,112,106,113,114
100,108,105,102,110,112,106,113,114
100,108,105,102,110,112,106,113,114
100,108,105,102,110,112,106,113,114
100,108,105,102,110,112,106,113,114
100,108,105,102,110,112,106,113,114
100,108,105,102,110,112,106,113,114
100,108,105,102,110,112,106,113,114
100,108,105,102,110,112,106,113,114
100,108,105,102,110,112,106,113,114
100,108,105,102,110,112,106,113,114
100,108,105,102,110,112,106,113,114
100,108,105,102,110,112,106,113,114
100,108,105,102,110,112,106,113,114
100,108,105,102,110,112,106,113,114
100,108,105,102,110,112,106,113,114
100,108,105,102,110,112,106,113,114
100,108,105,102,110,112,106,113,114
100,108,105,102,110,112,106,113,114
100,108,105,102,110,112,106,113,114
100,108,105,102,110,112,106,113,114
100,108,105,102,110,112,106,113,114
100,108,105,102,110,112,106,113,114
100,108,105,102,110,112,106,113,114
100,108,105,102,110,112,106,113,114
100,108,105,102,110,112,106,113,114
100,108,105,102,110,112,106,113,114
100,108,105,102,110,112,106,113,114
100,108,105,102,110,112,106,113,114
100,108,105,102,110,112,106,113,114
100,108,105,102,110,112,106,113,114
100,108,105,102,110,112,106,113,114
100,108,105,102,110,112,106,113,114
100,108,105,102,110,112,106,113,114
100,108,105,102,110,112,106,113,114
100,108,105,102,110,112,106,113,114
100,108,105,102,110,112,106,113,114
100,108,105,102,110,112,106,113,114
100,108,105,102,110,112,106,113,114
100,108,105,102,110,112,106,113,114
100,108,105,102,110,112,106,113,114
100,108,105,102,110,112,106,113,114
100,108,105,102,110,112,106,113,114
100,108,105,102,110,112,106,113,114
100,108,105,102,110,112,106,113,114
100,108,105,102,110,112,106,113,114
100,108,105,102,110,112,106,113,114
100,108,105,102,110,112,106,113,114
100,108,105,102,110,112,106,113,114
100,108,105,102,110,112,106,113,114
100,108,105,102,110,112,106,113,114
100,108,105,102,110,112,106,113,114
100,108,105,102,110,112,106,113,114
100,108,105,102,110,112,106,113,114
100,108,105,102,110,112,106,113,114
100,108,105,102,110,112,106,113,114
100,108,105,102,110,112,106,113,114
100,108,105,102,110,112,106,113,114
100,108,105,102,110,112,106,113,114
100,108,105,102,110,112,106,113,114
100,108,105,102,110,112,106,113,114
100,108,105,102,110,112,106,113,114
100,108,105,102,110,112,106,113,114
100,108,105,102,110,112,106,113,114
100,108,105,102,110,112,106,113,114
100,108,105,102,110,112,106,113,114
100,108,105,102,110,112,106,113,114
100,108,105,102,110,112,106,113,114
100,108,105,102,110,112,106,113,114
100,108,105,102,110,112,106,113,114
100,108,105,102,110,112,106,113,114
100,108,105,102,110,112,106,113,114
100,108,105,102,110,112,106,113,114
100,108,105,102,110,112,106,113,114
100,108,105,102,110,112,106,113,114
100,108,105,102,110,112,106,113,114
100,108,105,102,110,112,106,113,114
100,108,105,102,110,112,106,113,114
100,108,105,102,110,112,106,113,114
100,108,105,102,110,112,106,113,114
100,108,105,102,110,112,106,113,114
100,108,105,102,110,112,106,113,114
100,108,105,102,110,112,106,113,114
100,108,105,102,110,112,106,113,114
100,108,105,102,110,112,106,113,114
100,108,105,102,110,112,106,113,114
100,108,105,102,110,112,106,113,114
100,108,105,102,110,112,106,113,114
100,108,105,102,110,112,106,113,114
100,108,105,102,110,112,106,113,114
100,108,105,102,110,112,106,113,114
100,108,105,102,110,112,106,113,114
100,108,105,102,110,112,106,113,114
100,108,105,102,110,112,106,113,114
100,108,105,102,110,112,106,113,114
100,108,105,102,110,112,106,113,114
100,108,105,102,110,112,106,113,114
100,108,105,102,110,112,106,113,114
100,108,105,102,110,112,106,113,114
100,108,105,102,110,112,106,113,114
100,108,105,102,110,112,106,113,114
100,108,105,102,110,112,106,113,114
100,108,105,102,110,112,106,113,114
100,108,105,102,110,112,106,113,114
100,108,105,102,110,112,106,113,114
100,108,105,102,110,112,106,113,114
100,108,105,102,110,112,106,113,114
100,108,105,102,110,112,106,113,114
100,108,105,102,110,112,106,113,114
100,108,105,102,110,112,106,113,114
100,108,105,102,110,112,106,113,114
100,108,105,102,110,112,106,113,114
100,108,105,102,110,112,106,113,114
100,108,105,102,110,112,106,113,114
100,108,105,102,110,112,106,113,114
100,108,105,102,110,112,106,113,114
100,108,105,102,110,112,106,113,114
100,108,105,102,110,112,106,113,114
100,108,105,102,110,112,106,113,114
100,108,105,102,110,112,106,113,114
100,108,105,102,110,112,106,113,114
100,108,105,102,110,112,106,113,114
100,108,105,102,110,112,106,113,114
100,108,105,102,110,112,106,113,114
100,108,105,102,110,112,106,113,114
100,108,105,102,110,112,106,113,114
100,108,105,102,110,112,106,113,114
100,108,105,102,110,112,106,113,114
100,108,105,102,110,112,106,113,114
100,108,105,102,110,112,106,113,114
100,108,105,102,110,112,106,113,114
100,108,105,102,110,112,106,113,114
100,108,105,102,110,112,106,113,114
100,108,105,102,110,112,106,113,114
100,108,105,102,110,112,106,113,114
100,108,105,102,110,112,106,113,114
100,108,105,102,110,112,106,113,114
100,108,105,102,110,112,106,113,114
100,108,105,102,110,112,106,113,114
100,108,105,102,110,112,106,113,114
100,108,105,102,110,112,106,113,114
100,108,105,102,110,112,106,113,114
100,108,105,102,110,112,106,113,114
100,108,105,102,110,112,106,113,114
100,108,105,102,110,112,106,113,114
100,108,105,102,110,112,106,113,114
100,108,105,102,110,112,106,113,114
100,108,105,102,110,112,106,113,114
100,108,105,102,110,112,106,113,114
100,108,105,102,110,112,106,113,114
100,108,105,102,110,112,106,113,114
100,108,105,102,110,112,106,113,114
100,108,105,102,110,112,106,113,114
100,108,105,102,110,112,106,113,114
100,108,105,102,110,112,106,113,114
100,108,105,102,110,112,106,113,114
100,108,105,102,110,112,106,113,114
100,108,105,102,110,112,106,113,114
100,108,105,102,110,112,106,113,114
100,108,105,102,110,112,106,113,114
100,108,105,102,110,112,106,113,114
100,108,105,102,110,112,106,113,114
100,108,105,102,110,112,106,113,114
100,108,105,102,110,112,106,113,114
100,108,105,102,110,112,106,113,114
100,108,105,102,110,112,106,113,114
100,108,105,102,110,112,106,113,114
100,108,105,102,110,112,106,113,114
100,108,105,102,110,112,106,113,114
100,108,105,102,110,112,106,113,114
100,108,105,102,110,112,106,113,114
100,108,105,102,110,112,106,113,114
100,108,105,102,110,112,106,113,114
100,108,105,102,110,112,106,113,114
100,108,105,102,110,112,106,113,114
100,108,105,102,110,112,106,113,114
100,108,105,102,110,112,106,113,114
100,108,105,102,110,112,106,113,114
100,108,105,102,110,112,106,113,114
100,108,105,102,110,112,106,113,114
100,108,105,102,110,112,106,113,114
100,108,105,102,110,112,106,113,114
100,108,105,102,110,112,106,113,114
100,108,105,102,110,112,106,113,114
100,108,105,102,110,112,106,113,114
100,108,105,102,110,112,106,113,114
100,108,105,102,110,112,106,113,114
100,108,105,102,110,112,106,113,114
100,108,105,102,110,112,106,113,114
100,108,105,102,110,112,106,113,114
100,108,105,102,110,112,106,113,114
100,108,105,102,110,112,106,113,114
100,108,105,102,110,112,106,113,114
100,108,105,102,110,112,106,113,114
100,108,105,102,110,112,106,113,114
100,108,105,102,110,112,106,113,114
100,108,105,102,110,112,106,113,114
100,108,105,102,110,112,106,113,114
100,108,105,102,110,112,106,113,114
100,108,105,102,110,112,106,113,114
100,108,105,102,110,112,106,113,114
100,108,105,102,110,112,106,113,114
100,108,105,102,110,112,106,113,114
100,108,105,102,110,112,106,113,114
100,108,105,102,110,112,106,113,114
100,108,105,102,110,112,106,113,114
100,108,105,102,110,112,106,113,114
100,108,105,102,110,112,106,113,114
100,108,105,102,110,112,106,113,114
100,108,105,102,110,112,106,113,114
100,108,105,102,110,112,106,113,114
100,108,105,102,110,112,106,113,114
100,108,105,102,110,112,106,113,114
100,108,105,102,110,112,106,113,114
100,108,105,102,110,112,106,113,114
100,108,105,102,110,112,106,113,114
100,108,105,102,110,112,106,113,114
100,108,105,102,110,112,106,113,114
100,108,105,102,110,112,106,113,114
100,108,105,102,110,112,106,113,114
100,108,105,102,110,112,106,113,114
100,108,105,102,110,112,106,113,114
100,108,105,102,110,112,106,113,114
100,108,105,102,110,112,106,113,114
100,108,105,102,110,112,106,113,114
100,108,105,102,110,112,106,113,114
100,108,105,102,110,112,106,113,114
100,108,105,102,110,112,106,113,114
100,108,105,102,110,112,106,113,114
100,108,105,102,110,112,106,113,114
100,108,105,102,110,112,106,113,114
100,108,105,102,110,112,106,113,114
100,108,105,102,110,112,106,113,114
100,108,105,102,110,112,106,113,114
100,108,105,102,110,112,106,113,114
100,108,105,102,110,112,106,113,114
100,108,105,102,110,112,106,113,114
100,108,105,102,110,112,106,113,114
100,108,105,102,110,112,106,113,114
100,108,105,102,110,112,106,113,114
100,108,105,102,110,112,106,113,114
100,108,105,102,110,112,106,113,114
100,108,105,102,110,112,106,113,114
100,108,105,102,110,112,106,113,114
100,108,105,102,110,112,106,113,114
100,108,105,102,110,112,106,113,114
100,108,105,102,110,112,106,113,114
100,108,105,102,110,112,106,113,114
100,108,105,102,110,112,106,113,114
100,108,105,102,110,112,106,113,114
100,108,105,102,110,112,106,113,114
100,108,105,102,110,112,106,113,114
100,108,105,102,110,112,106,113,114
100,108,105,102,110,112,106,113,114
100,108,105,102,110,112,106,113,114
100,108,105,102,110,112,106,113,114
100,108,105,102,110,112,106,113,114
100,108,105,102,110,112,106,113,114
100,108,105,102,110,112,106,113,114
100,108,105,102,110,112,106,113,114
100,108,105,102,110,112,106,113,114
100,108,105,102,110,112,106,113,114
100,108,105,102,110,112,106,113,114
100,108,105,102,110,112,106,113,114
100,108,105,102,110,112,106,113,114
100,108,105,102,110,112,106,113,114
100,108,105,102,110,112,106,113,114
100,108,105,102,110,112,106,113,114
100,108,105,102,110,112,106,113,114
100,108,105,102,110,112,106,113,114
100,108,105,102,110,112,106,113,114
100,108,105,102,110,112,106,113,114
100,108,105,102,110,112,106,113,114
100,108,105,102,110,112,106,113,114
100,108,105,102,110,112,106,113,114
100,108,105,102,110,112,106,113,114
100,108,105,102,110,112,106,113,114
100,108,105,102,110,112,106,113,114
100,108,105,102,110,112,106,113,114
100,108,105,102,110,112,106,113,114
100,108,105,102,110,112,106,113,114
100,108,105,102,110,112,106,113,114
100,108,105,102,110,112,106,113,114
100,108,105,102,110,112,106,113,114
100,108,105,102,110,112,106,113,114
100,108,105,102,110,112,106,113,114
100,108,105,102,110,112,106,113,114
100,108,105,102,110,112,106,113,114
100,108,105,102,110,112,106,113,114
100,108,105,102,110,112,106,113,114
100,108,105,102,110,112,106,113,114
100,108,105,102,110,112,106,113,114
100,108,105,102,110,112,106,113,114
100,108,105,102,110,112,106,113,114
100,108,105,102,110,112,106,113,114
100,108,105,102,110,112,106,113,114
100,108,105,102,110,112,106,113,114
100,108,105,102,110,112,106,113,114
100,108,105,102,110,112,106,113,114
100,108,105,102,110,112,106,113,114
100,108,105,102,110,112,106,113,114
100,108,105,102,110,112,106,113,114
100,108,105,102,110,112,106,113,114
100,108,105,102,110,112,106,113,114
100,108,105,102,110,112,106,113,114
100,108,105,102,110,112,106,113,114
100,108,105,102,110,112,106,113,114
100,108,105,102,110,112,106,113,114
100,108,105,102,110,112,106,113,114
100,108,105,102,110,112,106,113,114
100,108,105,102,110,112,106,113,114
100,108,105,102,110,112,106,113,114
100,108,105,102,110,112,106,113,114
100,108,105,102,110,112,106,113,114
100,108,105,102,110,112,106,113,114
100,108,105,102,110,112,106,113,114
100,108,105,102,110,112,106,113,114
100,108,105,102,110,112,106,113,114
100,108,105,102,110,112,106,113,114
100,108,105,102,110,112,106,113,114
100,108,105,102,110,112,106,113,114
100,108,105,102,110,112,106,113,114
100,108,105,102,110,112,106,113,114
100,108,105,102,110,112,106,113,114
100,108,105,102,110,112,106,113,114
100,108,105,102,110,112,106,113,114
100,108,105,102,110,112,106,113,114
100,108,105,102,110,112,106,113,114
100,108,105,102,110,112,106,113,114
100,108,105,102,110,112,106,113,114
100,108,105,102,110,112,106,113,114
100,108,105,102,110,112,106,113,114
100,108,105,102,110,112,106,113,114
100,108,105,102,110,112,106,113,114
100,108,105,102,110,112,106,113,114
100,108,105,102,110,112,106,113,114
100,108,105,102,110,112,106,113,114
100,108,105,102,110,112,106,113,114
100,108,105,102,110,112,106,113,114
100,108,105,102,110,112,106,113,114
100,108,105,102,110,112,106,113,114
100,108,105,102,110,112,106,113,114
100,108,105,102,110,112,106,113,114
100,108,105,102,110,112,106,113,114
100,108,105,102,110,112,106,113,114
100,108,105,102,110,112,106,113,114
100,108,105,102,110,112,106,113,114
100,108,105,102,110,112,106,113,114
100,108,105,102,110,112,106,113,114
100,108,105,102,110,112,106,113,114
100,108,105,102,110,112,106,113,114
100,108,105,102,110,112,106,113,114
100,108,105,102,110,112,106,113,114
100,108,105,102,110,112,106,113,114
100,108,105,102,110,112,106,113,114
100,108,105,102,110,112,106,113,114
100,108,105,102,110,112,106,113,114
100,108,105,102,110,112,106,113,114
100,108,105,102,110,112,106,113,114
100,108,105,102,110,112,106,113,114
100,108,105,102,110,112,106,113,114
100,108,105,102,110,112,106,113,114
100,108,105,102,110,112,106,113,114
100,108,105,102,110,112,106,113,114
100,108,105,102,110,112,106,113,114
100,108,105,102,110,112,106,113,114
100,108,105,102,110,112,106,113,114
100,108,105,102,110,112,106,113,114
100,108,105,102,110,112,106,113,114
100,108,105,102,110,112,106,113,114
100,108,105,102,110,112,106,113,114
100,108,105,102,110,112,106,113,114
100,108,105,102,110,112,106,113,114
100,108,105,102,110,112,106,113,114
100,108,105,102,110,112,106,113,114
100,108,105,102,110,112,106,113,114
100,108,105,102,110,112,106,113,114
100,108,105,102,110,112,106,113,114
100,108,105,102,110,112,106,113,114
100,108,105,102,110,112,106,113,114
100,108,105,102,110,112,106,113,114
100,108,105,102,110,112,106,113,114
100,108,105,102,110,112,106,113,114
100,108,105,102,110,112,106,113,114
100,108,105,102,110,112,106,113,114
100,108,105,102,110,112,106,113,114
100,108,105,102,110,112,106,113,114
100,108,105,102,110,112,106,113,114
100,108,105,102,110,112,106,113,114
100,108,105,102,110,112,106,113,114
100,108,105,102,110,112,106,113,114
100,108,105,102,110,112,106,113,114
100,108,105,102,110,112,106,113,114
100,108,105,102,110,112,106,113,114
100,108,105,102,110,112,106,113,114
100,108,105,102,110,112,106,113,114
100,108,105,102,110,112,106,113,114
100,108,105,102,110,112,106,113,114
100,108,105,102,110,112,106,113,114
100,108,105,102,110,112,106,113,114
100,108,105,102,110,112,106,113,114
100,108,105,102,110,112,106,113,114
100,108,105,102,110,112,106,113,114
100,108,105,102,110,112,106,113,114
100,108,105,102,110,112,106,113,114
100,108,105,102,110,112,106,113,114
100,108,105,102,110,112,106,113,114
100,108,105,102,110,112,106,113,114
100,108,105,102,110,112,106,113,114
100,108,105,102,110,112,106,113,114
100,108,105,102,110,112,106,113,114
100,108,105,102,110,112,106,113,114
100,108,105,102,110,112,106,113,114
100,108,105,102,110,112,106,113,114
100,108,105,102,110,112,106,113,114
100,108,105,102,110,112,106,113,114
100,108,105,102,110,112,106,113,114
100,108,105,102,110,112,106,113,114
100,108,105,102,110,112,106,113,114
100,108,105,102,110,112,106,113,114
100,108,105,102,110,112,106,113,114
100,108,105,102,110,112,106,113,114
100,108,105,102,110,112,106,113,114
100,108,105,102,110,112,106,113,114
100,108,105,102,110,112,106,113,114
100,108,105,102,110,112,106,113,114
100,108,105,102,110,112,106,113,114
100,108,105,102,110,112,106,113,114
100,108,105,102,110,112,106,113,114
100,108,105,102,110,112,106,113,114
100,108,105,102,110,112,106,113,114
100,108,105,102,110,112,106,113,114
100,108,105,102,110,112,106,113,114
100,108,105,102,110,112,106,113,114
100,108,105,102,110,112,106,113,114
100,108,105,102,110,112,106,113,114
100,108,105,102,110,112,106,113,114
100,108,105,102,110,112,106,113,114
100,108,105,102,110,112,106,113,114
100,108,105,102,110,112,106,113,114
100,108,105,102,110,112,106,113,114
100,108,105,102,110,112,106,113,114
100,108,105,102,110,112,106,113,114
100,108,105,102,110,112,106,113,114
100,108,105,102,110,112,106,113,114
100,108,105,102,110,112,106,113,114
100,108,105,102,110,112,106,113,114
100,108,105,102,110,112,106,113,114
100,108,105,102,110,112,106,113,114
100,108,105,102,110,112,106,113,114
100,108,105,102,110,112,106,113,114
100,108,105,102,110,112,106,113,114
100,108,105,102,110,112,106,113,114
100,108,105,102,110,112,106,113,114
100,108,105,102,110,112,106,113,114
100,108,105,102,110,112,106,113,114
100,108,105,102,110,112,106,113,114
100,108,105,102,110,112,106,113,114
100,108,105,102,110,112,106,113,114
100,108,105,102,110,112,106,113,114
100,108,105,102,110,112,106,113,114
100,108,105,102,110,112,106,113,114
100,108,105,102,110,112,106,113,114
100,108,105,102,110,112,106,113,114
100,108,105,102,110,112,106,113,114
100,108,105,102,110,112,106,113,114
100,108,105,102,110,112,106,113,114
100,108,105,102,110,112,106,113,114
100,108,105,102,110,112,106,113,114
100,108,105,102,110,112,106,113,114
100,108,105,102,110,112,106,113,114
100,108,105,102,110,112,106,113,114
100,108,105,102,110,112,106,113,114
100,108,105,102,110,112,106,113,114
100,108,105,102,110,112,106,113,114
100,108,105,102,110,112,106,113,114
100,108,105,102,110,112,106,113,114
100,108,105,102,110,112,106,113,114
100,108,105,102,110,112,106,113,114
100,108,105,102,110,112,106,113,114
100,108,105,102,110,112,106,113,114
100,108,105,102,110,112,106,113,114
100,108,105,102,110,112,106,113,114
100,108,105,102,110,112,106,113,114
100,108,105,102,110,112,106,113,114
100,108,105,102,110,112,106,113,114
100,108,105,102,110,112,106,113,114
100,108,105,102,110,112,106,113,114
100,108,105,102,110,112,106,113,114
100,108,105,102,110,112,106,113,114
100,108,105,102,110,112,106,113,114
100,108,105,102,110,112,106,113,114
100,108,105,102,110,112,106,113,114
100,108,105,102,110,112,106,113,114
100,108,105,102,110,112,106,113,114
100,108,105,102,110,112,106,113,114
100,108,105,102,110,112,106,113,114
100,108,105,102,110,112,106,113,114
100,108,105,102,110,112,106,113,114
100,108,105,102,110,112,106,113,114
100,108,105,102,110,112,106,113,114
100,108,105,102,110,112,106,113,114
100,108,105,102,110,112,106,113,114
100,108,105,102,110,112,106,113,114
100,108,105,102,110,112,106,113,114
100,108,105,102,110,112,106,113,114
100,108,105,102,110,112,106,113,114
100,108,105,102,110,112,106,113,114
100,108,105,102,110,112,106,113,114
100,108,105,102,110,112,106,113,114
100,108,105,102,110,112,106,113,114
100,108,105,102,110,112,106,113,114
100,108,105,102,110,112,106,113,114
100,108,105,102,110,112,106,113,114
100,108,105,102,110,112,106,113,114
100,108,105,102,110,112,106,113,114
100,108,105,102,110,112,106,113,114
100,108,105,102,110,112,106,113,114
100,108,105,102,110,112,106,113,114
100,108,105,102,110,112,106,113,114
100,108,105,102,110,112,106,113,114
100,108,105,102,110,112,106,113,114
100,108,105,102,110,112,106,113,114
100,108,105,102,110,112,106,113,114
100,108,105,102,110,112,106,113,114
100,108,105,102,110,112,106,113,114
100,108,105,102,110,112,106,113,114
100,108,105,102,110,112,106,113,114
100,108,105,102,110,112,106,113,114
100,108,105,102,110,112,106,113,114
100,108,105,102,110,112,106,113,114
100,108,105,102,110,112,106,113,114
100,108,105,102,110,112,106,113,114
100,108,105,102,110,112,106,113,114
100,108,105,102,110,112,106,113,114
100,108,105,102,110,112,106,113,114
100,108,105,102,110,112,106,113,114
100,108,105,102,110,112,106,113,114
100,108,105,102,110,112,106,113,114
100,108,105,102,110,112,106,113,114
100,108,105,102,110,112,106,113,114
100,108,105,102,110,112,106,113,114
100,108,105,102,110,112,106,113,114
100,108,105,102,110,112,106,113,114
100,108,105,102,110,112,106,113,114
100,108,105,102,110,112,106,113,114
100,108,105,102,110,112,106,113,114
100,108,105,102,110,112,106,113,114
100,108,105,102,110,112,106,113,114
100,108,105,102,110,112,106,113,114
100,108,105,102,110,112,106,113,114
100,108,105,102,110,112,106,113,114
100,108,105,102,110,112,106,113,114
100,108,105,102,110,112,106,113,114
100,108,105,102,110,112,106,113,114
100,108,105,102,110,112,106,113,114
100,108,105,102,110,112,106,113,114
100,108,105,102,110,112,106,113,114
100,108,105,102,110,112,106,113,114
100,108,105,102,110,112,106,113,114
100,108,105,102,110,112,106,113,114
100,108,105,102,110,112,106,113,114
100,108,105,102,110,112,106,113,114
100,108,105,102,110,112,106,113,114
100,108,105,102,110,112,106,113,114
100,108,105,102,110,112,106,113,114
100,108,105,102,110,112,106,113,114
100,108,105,102,110,112,106,113,114
100,108,105,102,110,112,106,113,114
100,108,105,102,110,112,106,113,114
100,108,105,102,110,112,106,113,114
100,108,105,102,110,112,106,113,114
100,108,105,102,110,112,106,113,114
100,108,105,102,110,112,106,113,114
100,108,105,102,110,112,106,113,114
100,108,105,102,110,112,106,113,114
100,108,105,102,110,112,106,113,114
100,108,105,102,110,112,106,113,114
100,108,105,102,110,112,106,113,114
100,108,105,102,110,112,106,113,114
100,108,105,102,110,112,106,113,114
100,108,105,102,110,112,106,113,114
100,108,105,102,110,112,106,113,114
100,108,105,102,110,112,106,113,114
100,108,105,102,110,112,106,113,114
100,108,105,102,110,112,106,113,114
100,108,105,102,110,112,106,113,114
100,108,105,102,110,112,106,113,114
100,108,105,102,110,112,106,113,114
100,108,105,102,110,112,106,113,114
100,108,105,102,110,112,106,113,114
100,108,105,102,110,112,106,113,114
100,108,105,102,110,112,106,113,114
100,108,105,102,110,112,106,113,114
100,108,105,102,110,112,106,113,114
100,108,105,102,110,112,106,113,114
100,108,105,102,110,112,106,113,114
100,108,105,102,110,112,106,113,114
100,108,105,102,110,112,106,113,114
100,108,105,102,110,112,106,113,114
100,108,105,102,110,112,106,113,114
100,108,105,102,110,112,106,113,114
100,108,105,102,110,112,106,113,114
100,108,105,102,110,112,106,113,114
100,108,105,102,110,112,106,113,114
100,108,105,102,110,112,106,113,114
100,108,105,102,110,112,106,113,114
100,108,105,102,110,112,106,113,114
100,108,105,102,110,112,106,113,114
100,108,105,102,110,112,106,113,114
100,108,105,102,110,112,106,113,114
100,108,105,102,110,112,106,113,114
100,108,105,102,110,112,106,113,114
100,108,105,102,110,112,106,113,114
100,108,105,102,110,112,106,113,114
100,108,105,102,110,112,106,113,114
100,108,105,102,110,112,106,113,114
100,108,105,102,110,112,106,113,114
100,108,105,102,110,112,106,113,114
100,108,105,102,110,112,106,113,114
100,108,105,102,110,112,106,113,114
100,108,105,102,110,112,106,113,114
100,108,105,102,110,112,106,113,114
100,108,105,102,110,112,106,113,114
100,108,105,102,110,112,106,113,114
100,108,105,102,110,112,106,113,114
100,108,105,102,110,112,106,113,114
100,108,105,102,110,112,106,113,114
100,108,105,102,110,112,106,113,114
100,108,105,102,110,112,106,113,114
100,108,105,102,110,112,106,113,114
100,108,105,102,110,112,106,113,114
100,108,105,102,110,112,106,113,114
100,108,105,102,110,112,106,113,114
100,108,105,102,110,112,106,113,114
100,108,105,102,110,112,106,113,114
100,108,105,102,110,112,106,113,114
100,108,105,102,110,112,106,113,114
100,108,105,102,110,112,106,113,114
100,108,105,102,110,112,106,113,114
100,108,105,102,110,112,106,113,114
100,108,105,102,110,112,106,113,114
100,108,105,102,110,112,106,113,114
100,108,105,102,110,112,106,113,114
100,108,105,102,110,112,106,113,114
100,108,105,102,110,112,106,113,114
100,108,105,102,110,112,106,113,114
100,108,105,102,110,112,106,113,114
100,108,105,102,110,112,106,113,114
100,108,105,102,110,112,106,113,114
100,108,105,102,110,112,106,113,114
100,108,105,102,110,112,106,113,114
100,108,105,102,110,112,106,113,114
100,108,105,102,110,112,106,113,114
100,108,105,102,110,112,106,113,114
100,108,105,102,110,112,106,113,114
100,108,105,102,110,112,106,113,114
100,108,105,102,110,112,106,113,114
100,108,105,102,110,112,106,113,114
100,108,105,102,110,112,106,113,114
100,108,105,102,110,112,106,113,114
100,108,105,102,110,112,106,113,114
100,108,105,102,110,112,106,113,114
100,108,105,102,110,112,106,113,114
100,108,105,102,110,112,106,113,114
100,108,105,102,110,112,106,113,114
100,108,105,102,110,112,106,113,114
100,108,105,102,110,112,106,113,114
100,108,105,102,110,112,106,113,114
100,108,105,102,110,112,106,113,114
100,108,105,102,110,112,106,113,114
100,108,105,102,110,112,106,113,114
100,108,105,102,110,112,106,113,114
100,108,105,102,110,112,106,113,114
100,108,105,102,110,112,106,113,114
100,108,105,102,110,112,106,113,114
100,108,105,102,110,112,106,113,114
100,108,105,102,110,112,106,113,114
100,108,105,102,110,112,106,113,114
100,108,105,102,110,112,106,113,114
100,108,105,102,110,112,106,113,114
100,108,105,102,110,112,106,113,114
100,108,105,102,110,112,106,113,114
100,108,105,102,110,112,106,113,114
100,108,105,102,110,112,106,113,114
100,108,105,102,110,112,106,113,114
100,108,105,102,110,112,106,113,114
100,108,105,102,110,112,106,113,114
100,108,105,102,110,112,106,113,114
100,108,105,102,110,112,106,113,114
100,108,105,102,110,112,106,113,114
100,108,105,102,110,112,106,113,114
100,108,105,102,110,112,106,113,114
100,108,105,102,110,112,106,113,114
100,108,105,102,110,112,106,113,114
100,108,105,102,110,112,106,113,114
100,108,105,102,110,112,106,113,114
100,108,105,102,110,112,106,113,114
100,108,105,102,110,112,106,113,114
100,108,105,102,110,112,106,113,114
100,108,105,102,110,112,106,113,114
100,108,105,102,110,112,106,113,114
100,108,105,102,110,112,106,113,114
100,108,105,102,110,112,106,113,114
100,108,105,102,110,112,106,113,114
100,108,105,102,110,112,106,113,114
100,108,105,102,110,112,106,113,114
100,108,105,102,110,112,106,113,114
100,108,105,102,110,112,106,113,114
100,108,105,102,110,112,106,113,114
100,108,105,102,110,112,106,113,114
100,108,105,102,110,112,106,113,114
100,108,105,102,110,112,106,113,114
100,108,105,102,110,112,106,113,114
100,108,105,102,110,112,106,113,114
100,108,105,102,110,112,106,113,114
100,108,105,102,110,112,106,113,114
100,108,105,102,110,112,106,113,114
100,108,105,102,110,112,106,113,114
100,108,105,102,110,112,106,113,114
100,108,105,102,110,112,106,113,114
100,108,105,102,110,112,106,113,114
100,108,105,102,110,112,106,113,114
100,108,105,102,110,112,106,113,114
100,108,105,102,110,112,106,113,114
100,108,105,102,110,112,106,113,114
100,108,105,102,110,112,106,113,114
100,108,105,102,110,112,106,113,114
100,108,105,102,110,112,106,113,114
100,108,105,102,110,112,106,113,114
100,108,105,102,110,112,106,113,114
100,108,105,102,110,112,106,113,114
100,108,105,102,110,112,106,113,114
100,108,105,102,110,112,106,113,114
100,108,105,102,110,112,106,113,114
100,108,105,102,110,112,106,113,114
100,108,105,102,110,112,106,113,114
100,108,105,102,110,112,106,113,114
100,108,105,102,110,112,106,113,114
100,108,105,102,110,112,106,113,114
100,108,105,102,110,112,106,113,114
100,108,105,102,110,112,106,113,114
100,108,105,102,110,112,106,113,114
100,108,105,102,110,112,106,113,114
100,108,105,102,110,112,106,113,114
100,108,105,102,110,112,106,113,114
100,108,105,102,110,112,106,113,114
100,108,105,102,110,112,106,113,114
100,108,105,102,110,112,106,113,114
100,108,105,102,110,112,106,113,114
100,108,105,102,110,112,106,113,114
100,108,105,102,110,112,106,113,114
100,108,105,102,110,112,106,113,114
100,108,105,102,110,112,106,113,114
100,108,105,102,110,112,106,113,114
100,108,105,102,110,112,106,113,114
100,108,105,102,110,112,106,113,114
100,108,105,102,110,112,106,113,114
100,108,105,102,110,112,106,113,114
100,108,105,102,110,112,106,113,114
100,108,105,102,110,112,106,113,114
100,108,105,102,110,112,106,113,114
100,108,105,102,110,112,106,113,114
100,108,105,102,110,112,106,113,114
100,108,105,102,110,112,106,113,114
100,108,105,102,110,112,106,113,114
100,108,105,102,110,112,106,113,114
100,108,105,102,110,112,106,113,114
100,108,105,102,110,112,106,113,114
100,108,105,102,110,112,106,113,114
100,108,105,102,110,112,106,113,114
100,108,105,102,110,112,106,113,114
100,108,105,102,110,112,106,113,114
100,108,105,102,110,112,106,113,114
100,108,105,102,110,112,106,113,114
100,108,105,102,110,112,106,113,114
100,108,105,102,110,112,106,113,114
100,108,105,102,110,112,106,113,114
100,108,105,102,110,112,106,113,114
100,108,105,102,110,112,106,113,114
100,108,105,102,110,112,106,113,114
100,108,105,102,110,112,106,113,114
100,108,105,102,110,112,106,113,114
100,108,105,102,110,112,106,113,114
100,108,105,102,110,112,106,113,114
100,108,105,102,110,112,106,113,114
100,108,105,102,110,112,106,113,114
100,108,105,102,110,112,106,113,114
100,108,105,102,110,112,106,113,114
100,108,105,102,110,112,106,113,114
100,108,105,102,110,112,106,113,114
100,108,105,102,110,112,106,113,114
100,108,105,102,110,112,106,113,114
100,108,105,102,110,112,106,113,114
100,108,105,102,110,112,106,113,114
100,108,105,102,110,112,106,113,114
100,108,105,102,110,112,106,113,114
100,108,105,102,110,112,106,113,114
100,108,105,102,110,112,106,113,114
100,108,105,102,110,112,106,113,114
100,108,105,102,110,112,106,113,114
100,108,105,102,110,112,106,113,114
100,108,105,102,110,112,106,113,114
100,108,105,102,110,112,106,113,114
